scenario_id,cell_address,cell_label,excel_value,mvp_value,abs_diff,rel_diff,passed,matched_error,flagged_matched_error
canonical:Borvelia:baseline,Outputs!B12,output_baseline[year=1],61.28985507246378,61.28985507246378,0.0,0.0,True,False,False
canonical:Borvelia:baseline,Outputs!C12,output_baseline[year=2],62.0859413288525,62.0859413288525,0.0,0.0,True,False,False
canonical:Borvelia:baseline,Outputs!D12,output_baseline[year=3],62.38587341256677,62.38587341256677,0.0,0.0,True,False,False
canonical:Borvelia:baseline,Outputs!E12,output_baseline[year=4],62.18725444354536,62.18725444354536,0.0,0.0,True,False,False
canonical:Borvelia:baseline,Outputs!F12,output_baseline[year=5],61.487675962596306,61.487675962596306,0.0,0.0,True,False,False
canonical:Borvelia:baseline,Outputs!B13,output_shocked[year=1],61.28985507246378,61.28985507246378,0.0,0.0,True,False,False
canonical:Borvelia:baseline,Outputs!C13,output_shocked[year=2],62.0859413288525,62.08594132885249,7.105427357601002e-15,1.1444502902783528e-16,True,False,False
canonical:Borvelia:baseline,Outputs!D13,output_shocked[year=3],62.38587341256677,62.38587341256675,1.4210854715202004e-14,2.2778962508424903e-16,True,False,False
canonical:Borvelia:baseline,Outputs!E13,output_shocked[year=4],62.18725444354536,62.187254443545335,2.842170943040401e-14,4.570343181206964e-16,True,False,False
canonical:Borvelia:baseline,Outputs!F13,output_shocked[year=5],61.487675962596306,61.487675962596285,2.1316282072803006e-14,3.4667568320145904e-16,True,False,False
canonical:Borvelia:baseline,Outputs!B14,output_delta[year=1],0.0,-1.4210854715202004e-14,1.4210854715202004e-14,inf,True,False,False
canonical:Borvelia:baseline,Outputs!C14,output_delta[year=2],0.0,-2.1316282072803006e-14,2.1316282072803006e-14,inf,True,False,False
canonical:Borvelia:baseline,Outputs!D14,output_delta[year=3],0.0,-2.1316282072803006e-14,2.1316282072803006e-14,inf,True,False,False
canonical:Borvelia:baseline,Outputs!E14,output_delta[year=4],0.0,-3.552713678800501e-14,3.552713678800501e-14,inf,True,False,False
canonical:Borvelia:baseline,Outputs!F14,output_delta[year=5],0.0,-3.552713678800501e-14,3.552713678800501e-14,inf,True,False,False
canonical:Borvelia:growth_shock,Outputs!B12,output_baseline[year=1],61.28985507246378,61.28985507246378,0.0,0.0,True,False,False
canonical:Borvelia:growth_shock,Outputs!C12,output_baseline[year=2],62.0859413288525,62.0859413288525,0.0,0.0,True,False,False
canonical:Borvelia:growth_shock,Outputs!D12,output_baseline[year=3],62.38587341256677,62.38587341256677,0.0,0.0,True,False,False
canonical:Borvelia:growth_shock,Outputs!E12,output_baseline[year=4],62.18725444354536,62.18725444354536,0.0,0.0,True,False,False
canonical:Borvelia:growth_shock,Outputs!F12,output_baseline[year=5],61.487675962596306,61.487675962596306,0.0,0.0,True,False,False
canonical:Borvelia:growth_shock,Outputs!B13,output_shocked[year=1],61.28985507246378,61.28985507246378,0.0,0.0,True,False,False
canonical:Borvelia:growth_shock,Outputs!C13,output_shocked[year=2],63.29945741415009,63.299457414150076,1.4210854715202004e-14,2.2450199884375753e-16,True,False,False
canonical:Borvelia:growth_shock,Outputs!D13,output_shocked[year=3],64.85855735045921,64.8585573504592,1.4210854715202004e-14,2.1910531617924414e-16,True,False,False
canonical:Borvelia:growth_shock,Outputs!E13,output_shocked[year=4],65.9560587630321,65.95605876303209,1.4210854715202004e-14,2.1545942831816212e-16,True,False,False
canonical:Borvelia:growth_shock,Outputs!F13,output_shocked[year=5],66.58059223010186,66.58059223010184,1.4210854715202004e-14,2.1343839457134045e-16,True,False,False
canonical:Borvelia:growth_shock,Outputs!B14,output_delta[year=1],0.0,-1.4210854715202004e-14,1.4210854715202004e-14,inf,True,False,False
canonical:Borvelia:growth_shock,Outputs!C14,output_delta[year=2],1.2135160852975915,1.2135160852975702,2.1316282072803006e-14,1.7565718601559037e-14,True,False,False
canonical:Borvelia:growth_shock,Outputs!D14,output_delta[year=3],2.472683937892441,2.472683937892427,1.4210854715202004e-14,5.7471375526119344e-15,True,False,False
canonical:Borvelia:growth_shock,Outputs!E14,output_delta[year=4],3.7688043194867404,3.7688043194867262,1.4210854715202004e-14,3.770653371872947e-15,True,False,False
canonical:Borvelia:growth_shock,Outputs!F14,output_delta[year=5],5.092916267505551,5.092916267505551,0.0,0.0,True,False,False
canonical:Borvelia:interest_shock,Outputs!B12,output_baseline[year=1],61.28985507246378,61.28985507246378,0.0,0.0,True,False,False
canonical:Borvelia:interest_shock,Outputs!C12,output_baseline[year=2],62.0859413288525,62.0859413288525,0.0,0.0,True,False,False
canonical:Borvelia:interest_shock,Outputs!D12,output_baseline[year=3],62.38587341256677,62.38587341256677,0.0,0.0,True,False,False
canonical:Borvelia:interest_shock,Outputs!E12,output_baseline[year=4],62.18725444354536,62.18725444354536,0.0,0.0,True,False,False
canonical:Borvelia:interest_shock,Outputs!F12,output_baseline[year=5],61.487675962596306,61.487675962596306,0.0,0.0,True,False,False
canonical:Borvelia:interest_shock,Outputs!B13,output_shocked[year=1],61.28985507246378,61.28985507246378,0.0,0.0,True,False,False
canonical:Borvelia:interest_shock,Outputs!C13,output_shocked[year=2],63.27028635440736,63.27028635440735,1.4210854715202004e-14,2.2460550653430205e-16,True,False,False
canonical:Borvelia:interest_shock,Outputs!D13,output_shocked[year=3],64.79855414074571,64.7985541407457,1.4210854715202004e-14,2.1930820685188925e-16,True,False,False
canonical:Borvelia:interest_shock,Outputs!E13,output_shocked[year=4],65.86373660791348,65.86373660791348,0.0,0.0,True,False,False
canonical:Borvelia:interest_shock,Outputs!F13,output_shocked[year=5],66.45464812018193,66.45464812018191,1.4210854715202004e-14,2.1384290064258488e-16,True,False,False
canonical:Borvelia:interest_shock,Outputs!B14,output_delta[year=1],0.0,-1.4210854715202004e-14,1.4210854715202004e-14,inf,True,False,False
canonical:Borvelia:interest_shock,Outputs!C14,output_delta[year=2],1.1843450255548618,1.1843450255548404,2.1316282072803006e-14,1.7998371769085108e-14,True,False,False
canonical:Borvelia:interest_shock,Outputs!D14,output_delta[year=3],2.412680728178941,2.412680728178927,1.4210854715202004e-14,5.890068482425425e-15,True,False,False
canonical:Borvelia:interest_shock,Outputs!E14,output_delta[year=4],3.6764821643681174,3.676482164368103,1.4210854715202004e-14,3.865340311706488e-15,True,False,False
canonical:Borvelia:interest_shock,Outputs!F14,output_delta[year=5],4.966972157585623,4.966972157585609,1.4210854715202004e-14,2.86106993643985e-15,True,False,False
canonical:Borvelia:primary_balance_shock,Outputs!B12,output_baseline[year=1],61.28985507246378,61.28985507246378,0.0,0.0,True,False,False
canonical:Borvelia:primary_balance_shock,Outputs!C12,output_baseline[year=2],62.0859413288525,62.0859413288525,0.0,0.0,True,False,False
canonical:Borvelia:primary_balance_shock,Outputs!D12,output_baseline[year=3],62.38587341256677,62.38587341256677,0.0,0.0,True,False,False
canonical:Borvelia:primary_balance_shock,Outputs!E12,output_baseline[year=4],62.18725444354536,62.18725444354536,0.0,0.0,True,False,False
canonical:Borvelia:primary_balance_shock,Outputs!F12,output_baseline[year=5],61.487675962596306,61.487675962596306,0.0,0.0,True,False,False
canonical:Borvelia:primary_balance_shock,Outputs!B13,output_shocked[year=1],61.28985507246378,61.28985507246378,0.0,0.0,True,False,False
canonical:Borvelia:primary_balance_shock,Outputs!C13,output_shocked[year=2],63.0859413288525,63.08594132885249,7.105427357601002e-15,1.1263091598430852e-16,True,False,False
canonical:Borvelia:primary_balance_shock,Outputs!D13,output_shocked[year=3],64.39070433044117,64.39070433044114,2.842170943040401e-14,4.413946038631455e-16,True,False,False
canonical:Borvelia:primary_balance_shock,Outputs!E13,output_shocked[year=4],65.20177053493606,65.20177053493603,2.842170943040401e-14,4.3590395164461433e-16,True,False,False
canonical:Borvelia:primary_balance_shock,Outputs!F13,output_shocked[year=5],65.51675493365556,65.51675493365553,2.842170943040401e-14,4.338082595693998e-16,True,False,False
canonical:Borvelia:primary_balance_shock,Outputs!B14,output_delta[year=1],0.0,-1.4210854715202004e-14,1.4210854715202004e-14,inf,True,False,False
canonical:Borvelia:primary_balance_shock,Outputs!C14,output_delta[year=2],1.0,0.9999999999999787,2.1316282072803006e-14,2.1316282072803006e-14,True,False,False
canonical:Borvelia:primary_balance_shock,Outputs!D14,output_delta[year=3],2.0048309178744006,2.004830917874372,2.842170943040401e-14,1.4176611691791847e-14,True,False,False
canonical:Borvelia:primary_balance_shock,Outputs!E14,output_delta[year=4],3.0145160913906963,3.014516091390668,2.842170943040401e-14,9.428282539799657e-15,True,False,False
canonical:Borvelia:primary_balance_shock,Outputs!F14,output_delta[year=5],4.029078971059256,4.029078971059228,2.842170943040401e-14,7.054145534142226e-15,True,False,False
canonical:Litellia:baseline,Outputs!B12,output_baseline[year=1],81.3864734299517,81.3864734299517,0.0,0.0,True,False,False
canonical:Litellia:baseline,Outputs!C12,output_baseline[year=2],82.27964479917854,82.27964479917854,0.0,0.0,True,False,False
canonical:Litellia:baseline,Outputs!D12,output_baseline[year=3],82.67713100593787,82.67713100593787,0.0,0.0,True,False,False
canonical:Litellia:baseline,Outputs!E12,output_baseline[year=4],82.57653743591824,82.57653743591824,0.0,0.0,True,False,False
canonical:Litellia:baseline,Outputs!F12,output_baseline[year=5],81.97545790662316,81.97545790662316,0.0,0.0,True,False,False
canonical:Litellia:baseline,Outputs!B13,output_shocked[year=1],81.3864734299517,81.3864734299517,0.0,0.0,True,False,False
canonical:Litellia:baseline,Outputs!C13,output_shocked[year=2],82.27964479917854,82.27964479917853,1.4210854715202004e-14,1.7271409897170438e-16,True,False,False
canonical:Litellia:baseline,Outputs!D13,output_shocked[year=3],82.67713100593787,82.67713100593784,2.842170943040401e-14,3.4376748545329616e-16,True,False,False
canonical:Litellia:baseline,Outputs!E13,output_shocked[year=4],82.57653743591824,82.57653743591823,1.4210854715202004e-14,1.7209312907107584e-16,True,False,False
canonical:Litellia:baseline,Outputs!F13,output_shocked[year=5],81.97545790662316,81.97545790662313,2.842170943040401e-14,3.4670998072104324e-16,True,False,False
canonical:Litellia:baseline,Outputs!B14,output_delta[year=1],0.0,-1.4210854715202004e-14,1.4210854715202004e-14,inf,True,False,False
canonical:Litellia:baseline,Outputs!C14,output_delta[year=2],0.0,-2.842170943040401e-14,2.842170943040401e-14,inf,True,False,False
canonical:Litellia:baseline,Outputs!D14,output_delta[year=3],0.0,-2.842170943040401e-14,2.842170943040401e-14,inf,True,False,False
canonical:Litellia:baseline,Outputs!E14,output_delta[year=4],0.0,-2.842170943040401e-14,2.842170943040401e-14,inf,True,False,False
canonical:Litellia:baseline,Outputs!F14,output_delta[year=5],0.0,-2.842170943040401e-14,2.842170943040401e-14,inf,True,False,False
canonical:Litellia:growth_shock,Outputs!B12,output_baseline[year=1],81.3864734299517,81.3864734299517,0.0,0.0,True,False,False
canonical:Litellia:growth_shock,Outputs!C12,output_baseline[year=2],82.27964479917854,82.27964479917854,0.0,0.0,True,False,False
canonical:Litellia:growth_shock,Outputs!D12,output_baseline[year=3],82.67713100593787,82.67713100593787,0.0,0.0,True,False,False
canonical:Litellia:growth_shock,Outputs!E12,output_baseline[year=4],82.57653743591824,82.57653743591824,0.0,0.0,True,False,False
canonical:Litellia:growth_shock,Outputs!F12,output_baseline[year=5],81.97545790662316,81.97545790662316,0.0,0.0,True,False,False
canonical:Litellia:growth_shock,Outputs!B13,output_shocked[year=1],81.3864734299517,81.3864734299517,0.0,0.0,True,False,False
canonical:Litellia:growth_shock,Outputs!C13,output_shocked[year=2],83.89106637157614,83.89106637157613,1.4210854715202004e-14,1.6939652015219712e-16,True,False,False
canonical:Litellia:growth_shock,Outputs!D13,output_shocked[year=3],85.95734879452138,85.95734879452137,1.4210854715202004e-14,1.6532448841776928e-16,True,False,False
canonical:Litellia:growth_shock,Outputs!E13,output_shocked[year=4],87.57452487320418,87.57452487320417,1.4210854715202004e-14,1.6227155940357495e-16,True,False,False
canonical:Litellia:growth_shock,Outputs!F13,output_shocked[year=5],88.73153287500725,88.73153287500723,1.4210854715202004e-14,1.6015563187914603e-16,True,False,False
canonical:Litellia:growth_shock,Outputs!B14,output_delta[year=1],0.0,-1.4210854715202004e-14,1.4210854715202004e-14,inf,True,False,False
canonical:Litellia:growth_shock,Outputs!C14,output_delta[year=2],1.611421572397603,1.6114215723975889,1.4210854715202004e-14,8.818831123166576e-15,True,False,False
canonical:Litellia:growth_shock,Outputs!D14,output_delta[year=3],3.2802177885835135,3.2802177885834993,1.4210854715202004e-14,4.33228999753051e-15,True,False,False
canonical:Litellia:growth_shock,Outputs!E14,output_delta[year=4],4.997987437285943,4.9979874372859285,1.4210854715202004e-14,2.8433154131573655e-15,True,False,False
canonical:Litellia:growth_shock,Outputs!F14,output_delta[year=5],6.756074968384084,6.75607496838407,1.4210854715202004e-14,2.1034187426432528e-15,True,False,False
canonical:Litellia:interest_shock,Outputs!B12,output_baseline[year=1],81.3864734299517,81.3864734299517,0.0,0.0,True,False,False
canonical:Litellia:interest_shock,Outputs!C12,output_baseline[year=2],82.27964479917854,82.27964479917854,0.0,0.0,True,False,False
canonical:Litellia:interest_shock,Outputs!D12,output_baseline[year=3],82.67713100593787,82.67713100593787,0.0,0.0,True,False,False
canonical:Litellia:interest_shock,Outputs!E12,output_baseline[year=4],82.57653743591824,82.57653743591824,0.0,0.0,True,False,False
canonical:Litellia:interest_shock,Outputs!F12,output_baseline[year=5],81.97545790662316,81.97545790662316,0.0,0.0,True,False,False
canonical:Litellia:interest_shock,Outputs!B13,output_shocked[year=1],81.3864734299517,81.3864734299517,0.0,0.0,True,False,False
canonical:Litellia:interest_shock,Outputs!C13,output_shocked[year=2],83.85233027608582,83.8523302760858,2.842170943040401e-14,3.389495478160815e-16,True,False,False
canonical:Litellia:interest_shock,Outputs!D13,output_shocked[year=3],85.87774888178839,85.87774888178836,2.842170943040401e-14,3.3095545470721155e-16,True,False,False
canonical:Litellia:interest_shock,Outputs!E13,output_shocked[year=4],87.45209064221808,87.45209064221804,4.263256414560601e-14,4.874962260196083e-16,True,False,False
canonical:Litellia:interest_shock,Outputs!F13,output_shocked[year=5],88.56445998140211,88.56445998140207,4.263256414560601e-14,4.813732749520354e-16,True,False,False
canonical:Litellia:interest_shock,Outputs!B14,output_delta[year=1],0.0,-1.4210854715202004e-14,1.4210854715202004e-14,inf,True,False,False
canonical:Litellia:interest_shock,Outputs!C14,output_delta[year=2],1.5726854769072816,1.5726854769072531,2.842170943040401e-14,1.8072087424814202e-14,True,False,False
canonical:Litellia:interest_shock,Outputs!D14,output_delta[year=3],3.2006178758505257,3.2006178758504973,2.842170943040401e-14,8.880069578081475e-15,True,False,False
canonical:Litellia:interest_shock,Outputs!E14,output_delta[year=4],4.875553206299841,4.875553206299799,4.263256414560601e-14,8.744149092767414e-15,True,False,False
canonical:Litellia:interest_shock,Outputs!F14,output_delta[year=5],6.589002074778946,6.5890020747788896,5.684341886080802e-14,8.627014867454727e-15,True,False,False
canonical:Litellia:primary_balance_shock,Outputs!B12,output_baseline[year=1],81.3864734299517,81.3864734299517,0.0,0.0,True,False,False
canonical:Litellia:primary_balance_shock,Outputs!C12,output_baseline[year=2],82.27964479917854,82.27964479917854,0.0,0.0,True,False,False
canonical:Litellia:primary_balance_shock,Outputs!D12,output_baseline[year=3],82.67713100593787,82.67713100593787,0.0,0.0,True,False,False
canonical:Litellia:primary_balance_shock,Outputs!E12,output_baseline[year=4],82.57653743591824,82.57653743591824,0.0,0.0,True,False,False
canonical:Litellia:primary_balance_shock,Outputs!F12,output_baseline[year=5],81.97545790662316,81.97545790662316,0.0,0.0,True,False,False
canonical:Litellia:primary_balance_shock,Outputs!B13,output_shocked[year=1],81.3864734299517,81.3864734299517,0.0,0.0,True,False,False
canonical:Litellia:primary_balance_shock,Outputs!C13,output_shocked[year=2],83.27964479917854,83.27964479917853,1.4210854715202004e-14,1.7064019364480018e-16,True,False,False
canonical:Litellia:primary_balance_shock,Outputs!D13,output_shocked[year=3],84.68196192381227,84.68196192381224,2.842170943040401e-14,3.3562884922263384e-16,True,False,False
canonical:Litellia:primary_balance_shock,Outputs!E13,output_shocked[year=4],85.59105352730894,85.5910535273089,4.263256414560601e-14,4.980960321046116e-16,True,False,False
canonical:Litellia:primary_balance_shock,Outputs!F13,output_shocked[year=5],86.00453687768243,86.00453687768238,4.263256414560601e-14,4.957013396425702e-16,True,False,False
canonical:Litellia:primary_balance_shock,Outputs!B14,output_delta[year=1],0.0,-1.4210854715202004e-14,1.4210854715202004e-14,inf,True,False,False
canonical:Litellia:primary_balance_shock,Outputs!C14,output_delta[year=2],1.0,0.9999999999999716,2.842170943040401e-14,2.842170943040401e-14,True,False,False
canonical:Litellia:primary_balance_shock,Outputs!D14,output_delta[year=3],2.0048309178744006,2.004830917874358,4.263256414560601e-14,2.126491753768777e-14,True,False,False
canonical:Litellia:primary_balance_shock,Outputs!E14,output_delta[year=4],3.0145160913907034,3.014516091390661,4.263256414560601e-14,1.4142423809699451e-14,True,False,False
canonical:Litellia:primary_balance_shock,Outputs!F14,output_delta[year=5],4.029078971059263,4.0290789710592065,5.684341886080802e-14,1.4108291068284427e-14,True,False,False
canonical:Aurelium:baseline,Outputs!B12,output_baseline[year=1],41.19323671497585,41.19323671497585,0.0,0.0,True,False,False
canonical:Aurelium:baseline,Outputs!C12,output_baseline[year=2],41.89223785852647,41.89223785852647,0.0,0.0,True,False,False
canonical:Aurelium:baseline,Outputs!D12,output_baseline[year=3],42.09461581919568,42.09461581919568,0.0,0.0,True,False,False
canonical:Aurelium:baseline,Outputs!E12,output_baseline[year=4],41.79797145117248,41.79797145117248,0.0,0.0,True,False,False
canonical:Aurelium:baseline,Outputs!F12,output_baseline[year=5],40.99989401856945,40.99989401856945,0.0,0.0,True,False,False
canonical:Aurelium:baseline,Outputs!B13,output_shocked[year=1],41.19323671497585,41.19323671497585,0.0,0.0,True,False,False
canonical:Aurelium:baseline,Outputs!C13,output_shocked[year=2],41.89223785852647,41.892237858526464,7.105427357601002e-15,1.6961202649513768e-16,True,False,False
canonical:Aurelium:baseline,Outputs!D13,output_shocked[year=3],42.09461581919568,42.09461581919567,1.4210854715202004e-14,3.375931681201298e-16,True,False,False
canonical:Aurelium:baseline,Outputs!E13,output_shocked[year=4],41.79797145117248,41.79797145117246,2.1316282072803006e-14,5.099836507066915e-16,True,False,False
canonical:Aurelium:baseline,Outputs!F13,output_shocked[year=5],40.99989401856945,40.999894018569435,1.4210854715202004e-14,3.466071085151025e-16,True,False,False
canonical:Aurelium:baseline,Outputs!B14,output_delta[year=1],0.0,-7.105427357601002e-15,7.105427357601002e-15,inf,True,False,False
canonical:Aurelium:baseline,Outputs!C14,output_delta[year=2],0.0,-1.4210854715202004e-14,1.4210854715202004e-14,inf,True,False,False
canonical:Aurelium:baseline,Outputs!D14,output_delta[year=3],0.0,-1.4210854715202004e-14,1.4210854715202004e-14,inf,True,False,False
canonical:Aurelium:baseline,Outputs!E14,output_delta[year=4],0.0,-2.1316282072803006e-14,2.1316282072803006e-14,inf,True,False,False
canonical:Aurelium:baseline,Outputs!F14,output_delta[year=5],0.0,-2.1316282072803006e-14,2.1316282072803006e-14,inf,True,False,False
canonical:Aurelium:growth_shock,Outputs!B12,output_baseline[year=1],41.19323671497585,41.19323671497585,0.0,0.0,True,False,False
canonical:Aurelium:growth_shock,Outputs!C12,output_baseline[year=2],41.89223785852647,41.89223785852647,0.0,0.0,True,False,False
canonical:Aurelium:growth_shock,Outputs!D12,output_baseline[year=3],42.09461581919568,42.09461581919568,0.0,0.0,True,False,False
canonical:Aurelium:growth_shock,Outputs!E12,output_baseline[year=4],41.79797145117248,41.79797145117248,0.0,0.0,True,False,False
canonical:Aurelium:growth_shock,Outputs!F12,output_baseline[year=5],40.99989401856945,40.99989401856945,0.0,0.0,True,False,False
canonical:Aurelium:growth_shock,Outputs!B13,output_shocked[year=1],41.19323671497585,41.19323671497585,0.0,0.0,True,False,False
canonical:Aurelium:growth_shock,Outputs!C13,output_shocked[year=2],42.70784845672404,42.70784845672403,7.105427357601002e-15,1.6637287089751075e-16,True,False,False
canonical:Aurelium:growth_shock,Outputs!D13,output_shocked[year=3],43.75976590639705,43.759765906397035,1.4210854715202004e-14,3.24747046078795e-16,True,False,False
canonical:Aurelium:growth_shock,Outputs!E13,output_shocked[year=4],44.33759265286004,44.33759265286001,2.842170943040401e-14,6.410296033194901e-16,True,False,False
canonical:Aurelium:growth_shock,Outputs!F13,output_shocked[year=5],44.4296515851965,44.429651585196474,2.842170943040401e-14,6.397013799647672e-16,True,False,False
canonical:Aurelium:growth_shock,Outputs!B14,output_delta[year=1],0.0,-7.105427357601002e-15,7.105427357601002e-15,inf,True,False,False
canonical:Aurelium:growth_shock,Outputs!C14,output_delta[year=2],0.8156105981975657,0.8156105981975514,1.4210854715202004e-14,1.7423577803680897e-14,True,False,False
canonical:Aurelium:growth_shock,Outputs!D14,output_delta[year=3],1.6651500872013685,1.6651500872013472,2.1316282072803006e-14,1.2801417864157493e-14,True,False,False
canonical:Aurelium:growth_shock,Outputs!E14,output_delta[year=4],2.5396212016875594,2.539621201687531,2.842170943040401e-14,1.119131837910236e-14,True,False,False
canonical:Aurelium:growth_shock,Outputs!F14,output_delta[year=5],3.4297575666270532,3.4297575666270177,3.552713678800501e-14,1.0358497968981426e-14,True,False,False
canonical:Aurelium:interest_shock,Outputs!B12,output_baseline[year=1],41.19323671497585,41.19323671497585,0.0,0.0,True,False,False
canonical:Aurelium:interest_shock,Outputs!C12,output_baseline[year=2],41.89223785852647,41.89223785852647,0.0,0.0,True,False,False
canonical:Aurelium:interest_shock,Outputs!D12,output_baseline[year=3],42.09461581919568,42.09461581919568,0.0,0.0,True,False,False
canonical:Aurelium:interest_shock,Outputs!E12,output_baseline[year=4],41.79797145117248,41.79797145117248,0.0,0.0,True,False,False
canonical:Aurelium:interest_shock,Outputs!F12,output_baseline[year=5],40.99989401856945,40.99989401856945,0.0,0.0,True,False,False
canonical:Aurelium:interest_shock,Outputs!B13,output_shocked[year=1],41.19323671497585,41.19323671497585,0.0,0.0,True,False,False
canonical:Aurelium:interest_shock,Outputs!C13,output_shocked[year=2],42.6882424327289,42.68824243272889,7.105427357601002e-15,1.6644928328446008e-16,True,False,False
canonical:Aurelium:interest_shock,Outputs!D13,output_shocked[year=3],43.71935939970303,43.71935939970302,7.105427357601002e-15,1.6252359264095864e-16,True,False,False
canonical:Aurelium:interest_shock,Outputs!E13,output_shocked[year=4],44.27538257360891,44.2753825736089,7.105427357601002e-15,1.6048257394022636e-16,True,False,False
canonical:Aurelium:interest_shock,Outputs!F13,output_shocked[year=5],44.344836258961784,44.34483625896178,7.105427357601002e-15,1.6023122322759833e-16,True,False,False
canonical:Aurelium:interest_shock,Outputs!B14,output_delta[year=1],0.0,-7.105427357601002e-15,7.105427357601002e-15,inf,True,False,False
canonical:Aurelium:interest_shock,Outputs!C14,output_delta[year=2],0.7960045742024278,0.7960045742024207,7.105427357601002e-15,8.926364983166615e-15,True,False,False
canonical:Aurelium:interest_shock,Outputs!D14,output_delta[year=3],1.6247435805073493,1.6247435805073422,7.105427357601002e-15,4.3732607673281165e-15,True,False,False
canonical:Aurelium:interest_shock,Outputs!E14,output_delta[year=4],2.477411122436429,2.477411122436422,7.105427357601002e-15,2.868085677524978e-15,True,False,False
canonical:Aurelium:interest_shock,Outputs!F14,output_delta[year=5],3.344942240392335,3.344942240392328,7.105427357601002e-15,2.124230209956508e-15,True,False,False
canonical:Aurelium:primary_balance_shock,Outputs!B12,output_baseline[year=1],41.19323671497585,41.19323671497585,0.0,0.0,True,False,False
canonical:Aurelium:primary_balance_shock,Outputs!C12,output_baseline[year=2],41.89223785852647,41.89223785852647,0.0,0.0,True,False,False
canonical:Aurelium:primary_balance_shock,Outputs!D12,output_baseline[year=3],42.09461581919568,42.09461581919568,0.0,0.0,True,False,False
canonical:Aurelium:primary_balance_shock,Outputs!E12,output_baseline[year=4],41.79797145117248,41.79797145117248,0.0,0.0,True,False,False
canonical:Aurelium:primary_balance_shock,Outputs!F12,output_baseline[year=5],40.99989401856945,40.99989401856945,0.0,0.0,True,False,False
canonical:Aurelium:primary_balance_shock,Outputs!B13,output_shocked[year=1],41.19323671497585,41.19323671497585,0.0,0.0,True,False,False
canonical:Aurelium:primary_balance_shock,Outputs!C13,output_shocked[year=2],42.89223785852647,42.892237858526464,7.105427357601002e-15,1.656576507161313e-16,True,False,False
canonical:Aurelium:primary_balance_shock,Outputs!D13,output_shocked[year=3],44.09944673707008,44.09944673707007,1.4210854715202004e-14,3.222456462986945e-16,True,False,False
canonical:Aurelium:primary_balance_shock,Outputs!E13,output_shocked[year=4],44.81248754256318,44.812487542563154,2.842170943040401e-14,6.342363700164801e-16,True,False,False
canonical:Aurelium:primary_balance_shock,Outputs!F13,output_shocked[year=5],45.02897298962871,45.028972989628684,2.842170943040401e-14,6.31187156699093e-16,True,False,False
canonical:Aurelium:primary_balance_shock,Outputs!B14,output_delta[year=1],0.0,-7.105427357601002e-15,7.105427357601002e-15,inf,True,False,False
canonical:Aurelium:primary_balance_shock,Outputs!C14,output_delta[year=2],1.0,0.9999999999999858,1.4210854715202004e-14,1.4210854715202004e-14,True,False,False
canonical:Aurelium:primary_balance_shock,Outputs!D14,output_delta[year=3],2.0048309178744006,2.0048309178743793,2.1316282072803006e-14,1.0632458768843885e-14,True,False,False
canonical:Aurelium:primary_balance_shock,Outputs!E14,output_delta[year=4],3.0145160913907034,3.014516091390675,2.842170943040401e-14,9.428282539799635e-15,True,False,False
canonical:Aurelium:primary_balance_shock,Outputs!F14,output_delta[year=5],4.029078971059263,4.029078971059228,3.552713678800501e-14,8.817681917677767e-15,True,False,False
single_axis:country=Borvelia,Outputs!B12,output_baseline[year=1],61.28985507246378,61.28985507246378,0.0,0.0,True,False,False
single_axis:country=Borvelia,Outputs!C12,output_baseline[year=2],62.0859413288525,62.0859413288525,0.0,0.0,True,False,False
single_axis:country=Borvelia,Outputs!D12,output_baseline[year=3],62.38587341256677,62.38587341256677,0.0,0.0,True,False,False
single_axis:country=Borvelia,Outputs!E12,output_baseline[year=4],62.18725444354536,62.18725444354536,0.0,0.0,True,False,False
single_axis:country=Borvelia,Outputs!F12,output_baseline[year=5],61.487675962596306,61.487675962596306,0.0,0.0,True,False,False
single_axis:country=Borvelia,Outputs!B13,output_shocked[year=1],61.28985507246378,61.28985507246378,0.0,0.0,True,False,False
single_axis:country=Borvelia,Outputs!C13,output_shocked[year=2],62.0859413288525,62.08594132885249,7.105427357601002e-15,1.1444502902783528e-16,True,False,False
single_axis:country=Borvelia,Outputs!D13,output_shocked[year=3],62.38587341256677,62.38587341256675,1.4210854715202004e-14,2.2778962508424903e-16,True,False,False
single_axis:country=Borvelia,Outputs!E13,output_shocked[year=4],62.18725444354536,62.187254443545335,2.842170943040401e-14,4.570343181206964e-16,True,False,False
single_axis:country=Borvelia,Outputs!F13,output_shocked[year=5],61.487675962596306,61.487675962596285,2.1316282072803006e-14,3.4667568320145904e-16,True,False,False
single_axis:country=Borvelia,Outputs!B14,output_delta[year=1],0.0,-1.4210854715202004e-14,1.4210854715202004e-14,inf,True,False,False
single_axis:country=Borvelia,Outputs!C14,output_delta[year=2],0.0,-2.1316282072803006e-14,2.1316282072803006e-14,inf,True,False,False
single_axis:country=Borvelia,Outputs!D14,output_delta[year=3],0.0,-2.1316282072803006e-14,2.1316282072803006e-14,inf,True,False,False
single_axis:country=Borvelia,Outputs!E14,output_delta[year=4],0.0,-3.552713678800501e-14,3.552713678800501e-14,inf,True,False,False
single_axis:country=Borvelia,Outputs!F14,output_delta[year=5],0.0,-3.552713678800501e-14,3.552713678800501e-14,inf,True,False,False
single_axis:country=Litellia,Outputs!B12,output_baseline[year=1],81.3864734299517,81.3864734299517,0.0,0.0,True,False,False
single_axis:country=Litellia,Outputs!C12,output_baseline[year=2],82.27964479917854,82.27964479917854,0.0,0.0,True,False,False
single_axis:country=Litellia,Outputs!D12,output_baseline[year=3],82.67713100593787,82.67713100593787,0.0,0.0,True,False,False
single_axis:country=Litellia,Outputs!E12,output_baseline[year=4],82.57653743591824,82.57653743591824,0.0,0.0,True,False,False
single_axis:country=Litellia,Outputs!F12,output_baseline[year=5],81.97545790662316,81.97545790662316,0.0,0.0,True,False,False
single_axis:country=Litellia,Outputs!B13,output_shocked[year=1],81.3864734299517,81.3864734299517,0.0,0.0,True,False,False
single_axis:country=Litellia,Outputs!C13,output_shocked[year=2],82.27964479917854,82.27964479917853,1.4210854715202004e-14,1.7271409897170438e-16,True,False,False
single_axis:country=Litellia,Outputs!D13,output_shocked[year=3],82.67713100593787,82.67713100593784,2.842170943040401e-14,3.4376748545329616e-16,True,False,False
single_axis:country=Litellia,Outputs!E13,output_shocked[year=4],82.57653743591824,82.57653743591823,1.4210854715202004e-14,1.7209312907107584e-16,True,False,False
single_axis:country=Litellia,Outputs!F13,output_shocked[year=5],81.97545790662316,81.97545790662313,2.842170943040401e-14,3.4670998072104324e-16,True,False,False
single_axis:country=Litellia,Outputs!B14,output_delta[year=1],0.0,-1.4210854715202004e-14,1.4210854715202004e-14,inf,True,False,False
single_axis:country=Litellia,Outputs!C14,output_delta[year=2],0.0,-2.842170943040401e-14,2.842170943040401e-14,inf,True,False,False
single_axis:country=Litellia,Outputs!D14,output_delta[year=3],0.0,-2.842170943040401e-14,2.842170943040401e-14,inf,True,False,False
single_axis:country=Litellia,Outputs!E14,output_delta[year=4],0.0,-2.842170943040401e-14,2.842170943040401e-14,inf,True,False,False
single_axis:country=Litellia,Outputs!F14,output_delta[year=5],0.0,-2.842170943040401e-14,2.842170943040401e-14,inf,True,False,False
single_axis:country=Aurelium,Outputs!B12,output_baseline[year=1],41.19323671497585,41.19323671497585,0.0,0.0,True,False,False
single_axis:country=Aurelium,Outputs!C12,output_baseline[year=2],41.89223785852647,41.89223785852647,0.0,0.0,True,False,False
single_axis:country=Aurelium,Outputs!D12,output_baseline[year=3],42.09461581919568,42.09461581919568,0.0,0.0,True,False,False
single_axis:country=Aurelium,Outputs!E12,output_baseline[year=4],41.79797145117248,41.79797145117248,0.0,0.0,True,False,False
single_axis:country=Aurelium,Outputs!F12,output_baseline[year=5],40.99989401856945,40.99989401856945,0.0,0.0,True,False,False
single_axis:country=Aurelium,Outputs!B13,output_shocked[year=1],41.19323671497585,41.19323671497585,0.0,0.0,True,False,False
single_axis:country=Aurelium,Outputs!C13,output_shocked[year=2],41.89223785852647,41.892237858526464,7.105427357601002e-15,1.6961202649513768e-16,True,False,False
single_axis:country=Aurelium,Outputs!D13,output_shocked[year=3],42.09461581919568,42.09461581919567,1.4210854715202004e-14,3.375931681201298e-16,True,False,False
single_axis:country=Aurelium,Outputs!E13,output_shocked[year=4],41.79797145117248,41.79797145117246,2.1316282072803006e-14,5.099836507066915e-16,True,False,False
single_axis:country=Aurelium,Outputs!F13,output_shocked[year=5],40.99989401856945,40.999894018569435,1.4210854715202004e-14,3.466071085151025e-16,True,False,False
single_axis:country=Aurelium,Outputs!B14,output_delta[year=1],0.0,-7.105427357601002e-15,7.105427357601002e-15,inf,True,False,False
single_axis:country=Aurelium,Outputs!C14,output_delta[year=2],0.0,-1.4210854715202004e-14,1.4210854715202004e-14,inf,True,False,False
single_axis:country=Aurelium,Outputs!D14,output_delta[year=3],0.0,-1.4210854715202004e-14,1.4210854715202004e-14,inf,True,False,False
single_axis:country=Aurelium,Outputs!E14,output_delta[year=4],0.0,-2.1316282072803006e-14,2.1316282072803006e-14,inf,True,False,False
single_axis:country=Aurelium,Outputs!F14,output_delta[year=5],0.0,-2.1316282072803006e-14,2.1316282072803006e-14,inf,True,False,False
single_axis:shock_year=1,Outputs!B12,output_baseline[year=1],61.28985507246378,61.28985507246378,0.0,0.0,True,False,False
single_axis:shock_year=1,Outputs!C12,output_baseline[year=2],62.0859413288525,62.0859413288525,0.0,0.0,True,False,False
single_axis:shock_year=1,Outputs!D12,output_baseline[year=3],62.38587341256677,62.38587341256677,0.0,0.0,True,False,False
single_axis:shock_year=1,Outputs!E12,output_baseline[year=4],62.18725444354536,62.18725444354536,0.0,0.0,True,False,False
single_axis:shock_year=1,Outputs!F12,output_baseline[year=5],61.487675962596306,61.487675962596306,0.0,0.0,True,False,False
single_axis:shock_year=1,Outputs!B13,output_shocked[year=1],62.47783251231528,62.47783251231528,0.0,0.0,True,False,False
single_axis:shock_year=1,Outputs!C13,output_shocked[year=2],64.51669538207675,64.51669538207673,1.4210854715202004e-14,2.2026631449492828e-16,True,False,False
single_axis:shock_year=1,Outputs!D13,output_shocked[year=3],66.105776549123,66.10577654912298,1.4210854715202004e-14,2.149714511657232e-16,True,False,False
single_axis:shock_year=1,Outputs!E13,output_shocked[year=4],67.23399764639204,67.23399764639201,2.842170943040401e-14,4.2272823906565957e-16,True,False,False
single_axis:shock_year=1,Outputs!F13,output_shocked[year=5],67.89000744063816,67.89000744063813,2.842170943040401e-14,4.186434867495847e-16,True,False,False
single_axis:shock_year=1,Outputs!B14,output_delta[year=1],1.187977439851501,1.187977439851494,7.105427357601002e-15,5.981113040740227e-15,True,False,False
single_axis:shock_year=1,Outputs!C14,output_delta[year=2],2.4307540532242484,2.430754053224234,1.4210854715202004e-14,5.8462742029997496e-15,True,False,False
single_axis:shock_year=1,Outputs!D14,output_delta[year=3],3.7199031365562263,3.719903136556198,2.842170943040401e-14,7.640443416684222e-15,True,False,False
single_axis:shock_year=1,Outputs!E14,output_delta[year=4],5.046743202846677,5.046743202846649,2.842170943040401e-14,5.631693210459449e-15,True,False,False
single_axis:shock_year=1,Outputs!F14,output_delta[year=5],6.402331478041852,6.402331478041823,2.842170943040401e-14,4.439274899758356e-15,True,False,False
single_axis:shock_year=2,Outputs!B12,output_baseline[year=1],61.28985507246378,61.28985507246378,0.0,0.0,True,False,False
single_axis:shock_year=2,Outputs!C12,output_baseline[year=2],62.0859413288525,62.0859413288525,0.0,0.0,True,False,False
single_axis:shock_year=2,Outputs!D12,output_baseline[year=3],62.38587341256677,62.38587341256677,0.0,0.0,True,False,False
single_axis:shock_year=2,Outputs!E12,output_baseline[year=4],62.18725444354536,62.18725444354536,0.0,0.0,True,False,False
single_axis:shock_year=2,Outputs!F12,output_baseline[year=5],61.487675962596306,61.487675962596306,0.0,0.0,True,False,False
single_axis:shock_year=2,Outputs!B13,output_shocked[year=1],61.28985507246378,61.28985507246378,0.0,0.0,True,False,False
single_axis:shock_year=2,Outputs!C13,output_shocked[year=2],63.29945741415009,63.299457414150076,1.4210854715202004e-14,2.2450199884375753e-16,True,False,False
single_axis:shock_year=2,Outputs!D13,output_shocked[year=3],64.85855735045921,64.8585573504592,1.4210854715202004e-14,2.1910531617924414e-16,True,False,False
single_axis:shock_year=2,Outputs!E13,output_shocked[year=4],65.9560587630321,65.95605876303209,1.4210854715202004e-14,2.1545942831816212e-16,True,False,False
single_axis:shock_year=2,Outputs!F13,output_shocked[year=5],66.58059223010186,66.58059223010184,1.4210854715202004e-14,2.1343839457134045e-16,True,False,False
single_axis:shock_year=2,Outputs!B14,output_delta[year=1],0.0,-1.4210854715202004e-14,1.4210854715202004e-14,inf,True,False,False
single_axis:shock_year=2,Outputs!C14,output_delta[year=2],1.2135160852975915,1.2135160852975702,2.1316282072803006e-14,1.7565718601559037e-14,True,False,False
single_axis:shock_year=2,Outputs!D14,output_delta[year=3],2.472683937892441,2.472683937892427,1.4210854715202004e-14,5.7471375526119344e-15,True,False,False
single_axis:shock_year=2,Outputs!E14,output_delta[year=4],3.7688043194867404,3.7688043194867262,1.4210854715202004e-14,3.770653371872947e-15,True,False,False
single_axis:shock_year=2,Outputs!F14,output_delta[year=5],5.092916267505551,5.092916267505551,0.0,0.0,True,False,False
single_axis:shock_year=3,Outputs!B12,output_baseline[year=1],61.28985507246378,61.28985507246378,0.0,0.0,True,False,False
single_axis:shock_year=3,Outputs!C12,output_baseline[year=2],62.0859413288525,62.0859413288525,0.0,0.0,True,False,False
single_axis:shock_year=3,Outputs!D12,output_baseline[year=3],62.38587341256677,62.38587341256677,0.0,0.0,True,False,False
single_axis:shock_year=3,Outputs!E12,output_baseline[year=4],62.18725444354536,62.18725444354536,0.0,0.0,True,False,False
single_axis:shock_year=3,Outputs!F12,output_baseline[year=5],61.487675962596306,61.487675962596306,0.0,0.0,True,False,False
single_axis:shock_year=3,Outputs!B13,output_shocked[year=1],61.28985507246378,61.28985507246378,0.0,0.0,True,False,False
single_axis:shock_year=3,Outputs!C13,output_shocked[year=2],62.0859413288525,62.08594132885249,7.105427357601002e-15,1.1444502902783528e-16,True,False,False
single_axis:shock_year=3,Outputs!D13,output_shocked[year=3],63.615151706410444,63.61515170641043,1.4210854715202004e-14,2.2338789319856306e-16,True,False,False
single_axis:shock_year=3,Outputs!E13,output_shocked[year=4],64.6820273642038,64.68202736420379,1.4210854715202004e-14,2.1970329772109996e-16,True,False,False
single_axis:shock_year=3,Outputs!F13,output_shocked[year=5],65.2751807475586,65.27518074755858,1.4210854715202004e-14,2.1770686120594948e-16,True,False,False
single_axis:shock_year=3,Outputs!B14,output_delta[year=1],0.0,-1.4210854715202004e-14,1.4210854715202004e-14,inf,True,False,False
single_axis:shock_year=3,Outputs!C14,output_delta[year=2],0.0,-2.1316282072803006e-14,2.1316282072803006e-14,inf,True,False,False
single_axis:shock_year=3,Outputs!D14,output_delta[year=3],1.2292782938436773,1.229278293843656,2.1316282072803006e-14,1.73404852095385e-14,True,False,False
single_axis:shock_year=3,Outputs!E14,output_delta[year=4],2.4947729206584413,2.494772920658427,1.4210854715202004e-14,5.696251790103348e-15,True,False,False
single_axis:shock_year=3,Outputs!F14,output_delta[year=5],3.7875047849622874,3.787504784962259,2.842170943040401e-14,7.50407221747893e-15,True,False,False
single_axis:shock_year=4,Outputs!B12,output_baseline[year=1],61.28985507246378,61.28985507246378,0.0,0.0,True,False,False
single_axis:shock_year=4,Outputs!C12,output_baseline[year=2],62.0859413288525,62.0859413288525,0.0,0.0,True,False,False
single_axis:shock_year=4,Outputs!D12,output_baseline[year=3],62.38587341256677,62.38587341256677,0.0,0.0,True,False,False
single_axis:shock_year=4,Outputs!E12,output_baseline[year=4],62.18725444354536,62.18725444354536,0.0,0.0,True,False,False
single_axis:shock_year=4,Outputs!F12,output_baseline[year=5],61.487675962596306,61.487675962596306,0.0,0.0,True,False,False
single_axis:shock_year=4,Outputs!B13,output_shocked[year=1],61.28985507246378,61.28985507246378,0.0,0.0,True,False,False
single_axis:shock_year=4,Outputs!C13,output_shocked[year=2],62.0859413288525,62.08594132885249,7.105427357601002e-15,1.1444502902783528e-16,True,False,False
single_axis:shock_year=4,Outputs!D13,output_shocked[year=3],62.38587341256677,62.38587341256675,1.4210854715202004e-14,2.2778962508424903e-16,True,False,False
single_axis:shock_year=4,Outputs!E13,output_shocked[year=4],63.42247127987138,63.42247127987135,2.842170943040401e-14,4.481331120792246e-16,True,False,False
single_axis:shock_year=4,Outputs!F13,output_shocked[year=5],63.98460111435098,63.98460111435095,2.842170943040401e-14,4.441960867992245e-16,True,False,False
single_axis:shock_year=4,Outputs!B14,output_delta[year=1],0.0,-1.4210854715202004e-14,1.4210854715202004e-14,inf,True,False,False
single_axis:shock_year=4,Outputs!C14,output_delta[year=2],0.0,-2.1316282072803006e-14,2.1316282072803006e-14,inf,True,False,False
single_axis:shock_year=4,Outputs!D14,output_delta[year=3],0.0,-2.1316282072803006e-14,2.1316282072803006e-14,inf,True,False,False
single_axis:shock_year=4,Outputs!E14,output_delta[year=4],1.2352168363260176,1.2352168363259892,2.842170943040401e-14,2.300948998957986e-14,True,False,False
single_axis:shock_year=4,Outputs!F14,output_delta[year=5],2.4969251517546738,2.4969251517546454,2.842170943040401e-14,1.13826837822636e-14,True,False,False
single_axis:shock_year=5,Outputs!B12,output_baseline[year=1],61.28985507246378,61.28985507246378,0.0,0.0,True,False,False
single_axis:shock_year=5,Outputs!C12,output_baseline[year=2],62.0859413288525,62.0859413288525,0.0,0.0,True,False,False
single_axis:shock_year=5,Outputs!D12,output_baseline[year=3],62.38587341256677,62.38587341256677,0.0,0.0,True,False,False
single_axis:shock_year=5,Outputs!E12,output_baseline[year=4],62.18725444354536,62.18725444354536,0.0,0.0,True,False,False
single_axis:shock_year=5,Outputs!F12,output_baseline[year=5],61.487675962596306,61.487675962596306,0.0,0.0,True,False,False
single_axis:shock_year=5,Outputs!B13,output_shocked[year=1],61.28985507246378,61.28985507246378,0.0,0.0,True,False,False
single_axis:shock_year=5,Outputs!C13,output_shocked[year=2],62.0859413288525,62.08594132885249,7.105427357601002e-15,1.1444502902783528e-16,True,False,False
single_axis:shock_year=5,Outputs!D13,output_shocked[year=3],62.38587341256677,62.38587341256675,1.4210854715202004e-14,2.2778962508424903e-16,True,False,False
single_axis:shock_year=5,Outputs!E13,output_shocked[year=4],62.18725444354536,62.187254443545335,2.842170943040401e-14,4.570343181206964e-16,True,False,False
single_axis:shock_year=5,Outputs!F13,output_shocked[year=5],62.718960218016925,62.718960218016896,2.842170943040401e-14,4.531597675026421e-16,True,False,False
single_axis:shock_year=5,Outputs!B14,output_delta[year=1],0.0,-1.4210854715202004e-14,1.4210854715202004e-14,inf,True,False,False
single_axis:shock_year=5,Outputs!C14,output_delta[year=2],0.0,-2.1316282072803006e-14,2.1316282072803006e-14,inf,True,False,False
single_axis:shock_year=5,Outputs!D14,output_delta[year=3],0.0,-2.1316282072803006e-14,2.1316282072803006e-14,inf,True,False,False
single_axis:shock_year=5,Outputs!E14,output_delta[year=4],0.0,-3.552713678800501e-14,3.552713678800501e-14,inf,True,False,False
single_axis:shock_year=5,Outputs!F14,output_delta[year=5],1.2312842554206185,1.23128425542059,2.842170943040401e-14,2.3082979665564616e-14,True,False,False
single_axis:shock_type=1,Outputs!B12,output_baseline[year=1],61.28985507246378,61.28985507246378,0.0,0.0,True,False,False
single_axis:shock_type=1,Outputs!C12,output_baseline[year=2],62.0859413288525,62.0859413288525,0.0,0.0,True,False,False
single_axis:shock_type=1,Outputs!D12,output_baseline[year=3],62.38587341256677,62.38587341256677,0.0,0.0,True,False,False
single_axis:shock_type=1,Outputs!E12,output_baseline[year=4],62.18725444354536,62.18725444354536,0.0,0.0,True,False,False
single_axis:shock_type=1,Outputs!F12,output_baseline[year=5],61.487675962596306,61.487675962596306,0.0,0.0,True,False,False
single_axis:shock_type=1,Outputs!B13,output_shocked[year=1],61.28985507246378,61.28985507246378,0.0,0.0,True,False,False
single_axis:shock_type=1,Outputs!C13,output_shocked[year=2],63.29945741415009,63.299457414150076,1.4210854715202004e-14,2.2450199884375753e-16,True,False,False
single_axis:shock_type=1,Outputs!D13,output_shocked[year=3],64.85855735045921,64.8585573504592,1.4210854715202004e-14,2.1910531617924414e-16,True,False,False
single_axis:shock_type=1,Outputs!E13,output_shocked[year=4],65.9560587630321,65.95605876303209,1.4210854715202004e-14,2.1545942831816212e-16,True,False,False
single_axis:shock_type=1,Outputs!F13,output_shocked[year=5],66.58059223010186,66.58059223010184,1.4210854715202004e-14,2.1343839457134045e-16,True,False,False
single_axis:shock_type=1,Outputs!B14,output_delta[year=1],0.0,-1.4210854715202004e-14,1.4210854715202004e-14,inf,True,False,False
single_axis:shock_type=1,Outputs!C14,output_delta[year=2],1.2135160852975915,1.2135160852975702,2.1316282072803006e-14,1.7565718601559037e-14,True,False,False
single_axis:shock_type=1,Outputs!D14,output_delta[year=3],2.472683937892441,2.472683937892427,1.4210854715202004e-14,5.7471375526119344e-15,True,False,False
single_axis:shock_type=1,Outputs!E14,output_delta[year=4],3.7688043194867404,3.7688043194867262,1.4210854715202004e-14,3.770653371872947e-15,True,False,False
single_axis:shock_type=1,Outputs!F14,output_delta[year=5],5.092916267505551,5.092916267505551,0.0,0.0,True,False,False
single_axis:shock_type=2,Outputs!B12,output_baseline[year=1],61.28985507246378,61.28985507246378,0.0,0.0,True,False,False
single_axis:shock_type=2,Outputs!C12,output_baseline[year=2],62.0859413288525,62.0859413288525,0.0,0.0,True,False,False
single_axis:shock_type=2,Outputs!D12,output_baseline[year=3],62.38587341256677,62.38587341256677,0.0,0.0,True,False,False
single_axis:shock_type=2,Outputs!E12,output_baseline[year=4],62.18725444354536,62.18725444354536,0.0,0.0,True,False,False
single_axis:shock_type=2,Outputs!F12,output_baseline[year=5],61.487675962596306,61.487675962596306,0.0,0.0,True,False,False
single_axis:shock_type=2,Outputs!B13,output_shocked[year=1],61.28985507246378,61.28985507246378,0.0,0.0,True,False,False
single_axis:shock_type=2,Outputs!C13,output_shocked[year=2],63.27028635440736,63.27028635440735,1.4210854715202004e-14,2.2460550653430205e-16,True,False,False
single_axis:shock_type=2,Outputs!D13,output_shocked[year=3],64.79855414074571,64.7985541407457,1.4210854715202004e-14,2.1930820685188925e-16,True,False,False
single_axis:shock_type=2,Outputs!E13,output_shocked[year=4],65.86373660791348,65.86373660791348,0.0,0.0,True,False,False
single_axis:shock_type=2,Outputs!F13,output_shocked[year=5],66.45464812018193,66.45464812018191,1.4210854715202004e-14,2.1384290064258488e-16,True,False,False
single_axis:shock_type=2,Outputs!B14,output_delta[year=1],0.0,-1.4210854715202004e-14,1.4210854715202004e-14,inf,True,False,False
single_axis:shock_type=2,Outputs!C14,output_delta[year=2],1.1843450255548618,1.1843450255548404,2.1316282072803006e-14,1.7998371769085108e-14,True,False,False
single_axis:shock_type=2,Outputs!D14,output_delta[year=3],2.412680728178941,2.412680728178927,1.4210854715202004e-14,5.890068482425425e-15,True,False,False
single_axis:shock_type=2,Outputs!E14,output_delta[year=4],3.6764821643681174,3.676482164368103,1.4210854715202004e-14,3.865340311706488e-15,True,False,False
single_axis:shock_type=2,Outputs!F14,output_delta[year=5],4.966972157585623,4.966972157585609,1.4210854715202004e-14,2.86106993643985e-15,True,False,False
single_axis:shock_type=3,Outputs!B12,output_baseline[year=1],61.28985507246378,61.28985507246378,0.0,0.0,True,False,False
single_axis:shock_type=3,Outputs!C12,output_baseline[year=2],62.0859413288525,62.0859413288525,0.0,0.0,True,False,False
single_axis:shock_type=3,Outputs!D12,output_baseline[year=3],62.38587341256677,62.38587341256677,0.0,0.0,True,False,False
single_axis:shock_type=3,Outputs!E12,output_baseline[year=4],62.18725444354536,62.18725444354536,0.0,0.0,True,False,False
single_axis:shock_type=3,Outputs!F12,output_baseline[year=5],61.487675962596306,61.487675962596306,0.0,0.0,True,False,False
single_axis:shock_type=3,Outputs!B13,output_shocked[year=1],61.28985507246378,61.28985507246378,0.0,0.0,True,False,False
single_axis:shock_type=3,Outputs!C13,output_shocked[year=2],63.0859413288525,63.08594132885249,7.105427357601002e-15,1.1263091598430852e-16,True,False,False
single_axis:shock_type=3,Outputs!D13,output_shocked[year=3],64.39070433044117,64.39070433044114,2.842170943040401e-14,4.413946038631455e-16,True,False,False
single_axis:shock_type=3,Outputs!E13,output_shocked[year=4],65.20177053493606,65.20177053493603,2.842170943040401e-14,4.3590395164461433e-16,True,False,False
single_axis:shock_type=3,Outputs!F13,output_shocked[year=5],65.51675493365556,65.51675493365553,2.842170943040401e-14,4.338082595693998e-16,True,False,False
single_axis:shock_type=3,Outputs!B14,output_delta[year=1],0.0,-1.4210854715202004e-14,1.4210854715202004e-14,inf,True,False,False
single_axis:shock_type=3,Outputs!C14,output_delta[year=2],1.0,0.9999999999999787,2.1316282072803006e-14,2.1316282072803006e-14,True,False,False
single_axis:shock_type=3,Outputs!D14,output_delta[year=3],2.0048309178744006,2.004830917874372,2.842170943040401e-14,1.4176611691791847e-14,True,False,False
single_axis:shock_type=3,Outputs!E14,output_delta[year=4],3.0145160913906963,3.014516091390668,2.842170943040401e-14,9.428282539799657e-15,True,False,False
single_axis:shock_type=3,Outputs!F14,output_delta[year=5],4.029078971059256,4.029078971059228,2.842170943040401e-14,7.054145534142226e-15,True,False,False
single_axis:growth_shock_magnitude=-3.0,Outputs!B12,output_baseline[year=1],61.28985507246378,61.28985507246378,0.0,0.0,True,False,False
single_axis:growth_shock_magnitude=-3.0,Outputs!C12,output_baseline[year=2],62.0859413288525,62.0859413288525,0.0,0.0,True,False,False
single_axis:growth_shock_magnitude=-3.0,Outputs!D12,output_baseline[year=3],62.38587341256677,62.38587341256677,0.0,0.0,True,False,False
single_axis:growth_shock_magnitude=-3.0,Outputs!E12,output_baseline[year=4],62.18725444354536,62.18725444354536,0.0,0.0,True,False,False
single_axis:growth_shock_magnitude=-3.0,Outputs!F12,output_baseline[year=5],61.487675962596306,61.487675962596306,0.0,0.0,True,False,False
single_axis:growth_shock_magnitude=-3.0,Outputs!B13,output_shocked[year=1],61.28985507246378,61.28985507246378,0.0,0.0,True,False,False
single_axis:growth_shock_magnitude=-3.0,Outputs!C13,output_shocked[year=2],63.92432763717646,63.92432763717645,1.4210854715202004e-14,2.2230745696474715e-16,True,False,False
single_axis:growth_shock_magnitude=-3.0,Outputs!D13,output_shocked[year=3],66.15054800265028,66.15054800265027,1.4210854715202004e-14,2.1482595600920274e-16,True,False,False
single_axis:growth_shock_magnitude=-3.0,Outputs!E13,output_shocked[year=4],67.95429843060329,67.95429843060327,1.4210854715202004e-14,2.0912370583465742e-16,True,False,False
single_axis:growth_shock_magnitude=-3.0,Outputs!F13,output_shocked[year=5],69.32086603763922,69.3208660376392,1.4210854715202004e-14,2.0500111333701344e-16,True,False,False
single_axis:growth_shock_magnitude=-3.0,Outputs!B14,output_delta[year=1],0.0,-1.4210854715202004e-14,1.4210854715202004e-14,inf,True,False,False
single_axis:growth_shock_magnitude=-3.0,Outputs!C14,output_delta[year=2],1.8383863083239618,1.8383863083239476,1.4210854715202004e-14,7.730069926466052e-15,True,False,False
single_axis:growth_shock_magnitude=-3.0,Outputs!D14,output_delta[year=3],3.7646745900835157,3.7646745900835015,1.4210854715202004e-14,3.774789659811407e-15,True,False,False
single_axis:growth_shock_magnitude=-3.0,Outputs!E14,output_delta[year=4],5.767043987057924,5.76704398705791,1.4210854715202004e-14,2.4641488338034536e-15,True,False,False
single_axis:growth_shock_magnitude=-3.0,Outputs!F14,output_delta[year=5],7.833190075042914,7.833190075042914,0.0,0.0,True,False,False
single_axis:growth_shock_magnitude=-2.0,Outputs!B12,output_baseline[year=1],61.28985507246378,61.28985507246378,0.0,0.0,True,False,False
single_axis:growth_shock_magnitude=-2.0,Outputs!C12,output_baseline[year=2],62.0859413288525,62.0859413288525,0.0,0.0,True,False,False
single_axis:growth_shock_magnitude=-2.0,Outputs!D12,output_baseline[year=3],62.38587341256677,62.38587341256677,0.0,0.0,True,False,False
single_axis:growth_shock_magnitude=-2.0,Outputs!E12,output_baseline[year=4],62.18725444354536,62.18725444354536,0.0,0.0,True,False,False
single_axis:growth_shock_magnitude=-2.0,Outputs!F12,output_baseline[year=5],61.487675962596306,61.487675962596306,0.0,0.0,True,False,False
single_axis:growth_shock_magnitude=-2.0,Outputs!B13,output_shocked[year=1],61.28985507246378,61.28985507246378,0.0,0.0,True,False,False
single_axis:growth_shock_magnitude=-2.0,Outputs!C13,output_shocked[year=2],63.29945741415009,63.299457414150076,1.4210854715202004e-14,2.2450199884375753e-16,True,False,False
single_axis:growth_shock_magnitude=-2.0,Outputs!D13,output_shocked[year=3],64.85855735045921,64.8585573504592,1.4210854715202004e-14,2.1910531617924414e-16,True,False,False
single_axis:growth_shock_magnitude=-2.0,Outputs!E13,output_shocked[year=4],65.9560587630321,65.95605876303209,1.4210854715202004e-14,2.1545942831816212e-16,True,False,False
single_axis:growth_shock_magnitude=-2.0,Outputs!F13,output_shocked[year=5],66.58059223010186,66.58059223010184,1.4210854715202004e-14,2.1343839457134045e-16,True,False,False
single_axis:growth_shock_magnitude=-2.0,Outputs!B14,output_delta[year=1],0.0,-1.4210854715202004e-14,1.4210854715202004e-14,inf,True,False,False
single_axis:growth_shock_magnitude=-2.0,Outputs!C14,output_delta[year=2],1.2135160852975915,1.2135160852975702,2.1316282072803006e-14,1.7565718601559037e-14,True,False,False
single_axis:growth_shock_magnitude=-2.0,Outputs!D14,output_delta[year=3],2.472683937892441,2.472683937892427,1.4210854715202004e-14,5.7471375526119344e-15,True,False,False
single_axis:growth_shock_magnitude=-2.0,Outputs!E14,output_delta[year=4],3.7688043194867404,3.7688043194867262,1.4210854715202004e-14,3.770653371872947e-15,True,False,False
single_axis:growth_shock_magnitude=-2.0,Outputs!F14,output_delta[year=5],5.092916267505551,5.092916267505551,0.0,0.0,True,False,False
single_axis:growth_shock_magnitude=-1.0,Outputs!B12,output_baseline[year=1],61.28985507246378,61.28985507246378,0.0,0.0,True,False,False
single_axis:growth_shock_magnitude=-1.0,Outputs!C12,output_baseline[year=2],62.0859413288525,62.0859413288525,0.0,0.0,True,False,False
single_axis:growth_shock_magnitude=-1.0,Outputs!D12,output_baseline[year=3],62.38587341256677,62.38587341256677,0.0,0.0,True,False,False
single_axis:growth_shock_magnitude=-1.0,Outputs!E12,output_baseline[year=4],62.18725444354536,62.18725444354536,0.0,0.0,True,False,False
single_axis:growth_shock_magnitude=-1.0,Outputs!F12,output_baseline[year=5],61.487675962596306,61.487675962596306,0.0,0.0,True,False,False
single_axis:growth_shock_magnitude=-1.0,Outputs!B13,output_shocked[year=1],61.28985507246378,61.28985507246378,0.0,0.0,True,False,False
single_axis:growth_shock_magnitude=-1.0,Outputs!C13,output_shocked[year=2],62.686779780841306,62.68677978084129,1.4210854715202004e-14,2.2669619918082323e-16,True,False,False
single_axis:growth_shock_magnitude=-1.0,Outputs!D13,output_shocked[year=3],63.60414728982923,63.604147289829214,1.4210854715202004e-14,2.2342654246186907e-16,True,False,False
single_axis:growth_shock_magnitude=-1.0,Outputs!E13,output_shocked[year=4],64.03493968919258,64.03493968919257,1.4210854715202004e-14,2.2192344966946884e-16,True,False,False
single_axis:growth_shock_magnitude=-1.0,Outputs!F13,output_shocked[year=5],63.97203636757102,63.97203636757099,2.842170943040401e-14,4.442833313465016e-16,True,False,False
single_axis:growth_shock_magnitude=-1.0,Outputs!B14,output_delta[year=1],0.0,-1.4210854715202004e-14,1.4210854715202004e-14,inf,True,False,False
single_axis:growth_shock_magnitude=-1.0,Outputs!C14,output_delta[year=2],0.6008384519888068,0.6008384519887855,2.1316282072803006e-14,3.547755973713898e-14,True,False,False
single_axis:growth_shock_magnitude=-1.0,Outputs!D14,output_delta[year=3],1.2182738772624617,1.2182738772624404,2.1316282072803006e-14,1.749711823477824e-14,True,False,False
single_axis:growth_shock_magnitude=-1.0,Outputs!E14,output_delta[year=4],1.8476852456472201,1.8476852456471917,2.842170943040401e-14,1.5382332839080636e-14,True,False,False
single_axis:growth_shock_magnitude=-1.0,Outputs!F14,output_delta[year=5],2.4843604049747157,2.484360404974673,4.263256414560601e-14,1.716037820448193e-14,True,False,False
single_axis:growth_shock_magnitude=+0.0,Outputs!B12,output_baseline[year=1],61.28985507246378,61.28985507246378,0.0,0.0,True,False,False
single_axis:growth_shock_magnitude=+0.0,Outputs!C12,output_baseline[year=2],62.0859413288525,62.0859413288525,0.0,0.0,True,False,False
single_axis:growth_shock_magnitude=+0.0,Outputs!D12,output_baseline[year=3],62.38587341256677,62.38587341256677,0.0,0.0,True,False,False
single_axis:growth_shock_magnitude=+0.0,Outputs!E12,output_baseline[year=4],62.18725444354536,62.18725444354536,0.0,0.0,True,False,False
single_axis:growth_shock_magnitude=+0.0,Outputs!F12,output_baseline[year=5],61.487675962596306,61.487675962596306,0.0,0.0,True,False,False
single_axis:growth_shock_magnitude=+0.0,Outputs!B13,output_shocked[year=1],61.28985507246378,61.28985507246378,0.0,0.0,True,False,False
single_axis:growth_shock_magnitude=+0.0,Outputs!C13,output_shocked[year=2],62.0859413288525,62.08594132885249,7.105427357601002e-15,1.1444502902783528e-16,True,False,False
single_axis:growth_shock_magnitude=+0.0,Outputs!D13,output_shocked[year=3],62.38587341256677,62.38587341256675,1.4210854715202004e-14,2.2778962508424903e-16,True,False,False
single_axis:growth_shock_magnitude=+0.0,Outputs!E13,output_shocked[year=4],62.18725444354536,62.187254443545335,2.842170943040401e-14,4.570343181206964e-16,True,False,False
single_axis:growth_shock_magnitude=+0.0,Outputs!F13,output_shocked[year=5],61.487675962596306,61.487675962596285,2.1316282072803006e-14,3.4667568320145904e-16,True,False,False
single_axis:growth_shock_magnitude=+0.0,Outputs!B14,output_delta[year=1],0.0,-1.4210854715202004e-14,1.4210854715202004e-14,inf,True,False,False
single_axis:growth_shock_magnitude=+0.0,Outputs!C14,output_delta[year=2],0.0,-2.1316282072803006e-14,2.1316282072803006e-14,inf,True,False,False
single_axis:growth_shock_magnitude=+0.0,Outputs!D14,output_delta[year=3],0.0,-2.1316282072803006e-14,2.1316282072803006e-14,inf,True,False,False
single_axis:growth_shock_magnitude=+0.0,Outputs!E14,output_delta[year=4],0.0,-3.552713678800501e-14,3.552713678800501e-14,inf,True,False,False
single_axis:growth_shock_magnitude=+0.0,Outputs!F14,output_delta[year=5],0.0,-3.552713678800501e-14,3.552713678800501e-14,inf,True,False,False
single_axis:growth_shock_magnitude=+1.0,Outputs!B12,output_baseline[year=1],61.28985507246378,61.28985507246378,0.0,0.0,True,False,False
single_axis:growth_shock_magnitude=+1.0,Outputs!C12,output_baseline[year=2],62.0859413288525,62.0859413288525,0.0,0.0,True,False,False
single_axis:growth_shock_magnitude=+1.0,Outputs!D12,output_baseline[year=3],62.38587341256677,62.38587341256677,0.0,0.0,True,False,False
single_axis:growth_shock_magnitude=+1.0,Outputs!E12,output_baseline[year=4],62.18725444354536,62.18725444354536,0.0,0.0,True,False,False
single_axis:growth_shock_magnitude=+1.0,Outputs!F12,output_baseline[year=5],61.487675962596306,61.487675962596306,0.0,0.0,True,False,False
single_axis:growth_shock_magnitude=+1.0,Outputs!B13,output_shocked[year=1],61.28985507246378,61.28985507246378,0.0,0.0,True,False,False
single_axis:growth_shock_magnitude=+1.0,Outputs!C13,output_shocked[year=2],61.49660217738023,61.49660217738022,1.4210854715202004e-14,2.310835755480009e-16,True,False,False
single_axis:growth_shock_magnitude=+1.0,Outputs!D13,output_shocked[year=3],61.202360061699,61.202360061698975,2.1316282072803006e-14,3.482918314148956e-16,True,False,False
single_axis:growth_shock_magnitude=+1.0,Outputs!E13,output_shocked[year=4],60.40952580303058,60.409525803030554,2.842170943040401e-14,4.704839022089819e-16,True,False,False
single_axis:growth_shock_magnitude=+1.0,Outputs!F13,output_shocked[year=5],59.12048500971465,59.12048500971462,2.842170943040401e-14,4.807421560518958e-16,True,False,False
single_axis:growth_shock_magnitude=+1.0,Outputs!B14,output_delta[year=1],0.0,-1.4210854715202004e-14,1.4210854715202004e-14,inf,True,False,False
single_axis:growth_shock_magnitude=+1.0,Outputs!C14,output_delta[year=2],-0.5893391514722666,-0.5893391514722879,2.1316282072803006e-14,3.616980480518121e-14,True,False,False
single_axis:growth_shock_magnitude=+1.0,Outputs!D14,output_delta[year=3],-1.18351335086777,-1.1835133508677984,2.842170943040401e-14,2.401469270250714e-14,True,False,False
single_axis:growth_shock_magnitude=+1.0,Outputs!E14,output_delta[year=4],-1.7777286405147805,-1.777728640514809,2.842170943040401e-14,1.5987653448714126e-14,True,False,False
single_axis:growth_shock_magnitude=+1.0,Outputs!F14,output_delta[year=5],-2.367190952881657,-2.3671909528816855,2.842170943040401e-14,1.2006513203256947e-14,True,False,False
single_axis:growth[year=1]=+0.0,Outputs!B12,output_baseline[year=1],63.400000000000006,63.400000000000006,0.0,0.0,True,False,False
single_axis:growth[year=1]=+0.0,Outputs!C12,output_baseline[year=2],64.20628019323672,64.20628019323672,0.0,0.0,True,False,False
single_axis:growth[year=1]=+0.0,Outputs!D12,output_baseline[year=3],64.51645545987073,64.51645545987073,0.0,0.0,True,False,False
single_axis:growth[year=1]=+0.0,Outputs!E12,output_baseline[year=4],64.3281291577445,64.3281291577445,0.0,0.0,True,False,False
single_axis:growth[year=1]=+0.0,Outputs!F12,output_baseline[year=5],63.63889306671912,63.63889306671912,0.0,0.0,True,False,False
single_axis:growth[year=1]=+0.0,Outputs!B13,output_shocked[year=1],63.400000000000006,63.400000000000006,0.0,0.0,True,False,False
single_axis:growth[year=1]=+0.0,Outputs!C13,output_shocked[year=2],64.20628019323672,64.20628019323672,0.0,0.0,True,False,False
single_axis:growth[year=1]=+0.0,Outputs!D13,output_shocked[year=3],64.51645545987073,64.51645545987073,0.0,0.0,True,False,False
single_axis:growth[year=1]=+0.0,Outputs!E13,output_shocked[year=4],64.3281291577445,64.32812915774448,1.4210854715202004e-14,2.2091198518076522e-16,True,False,False
single_axis:growth[year=1]=+0.0,Outputs!F13,output_shocked[year=5],63.63889306671912,63.638893066719106,1.4210854715202004e-14,2.2330455528670683e-16,True,False,False
single_axis:growth[year=1]=+0.0,Outputs!B14,output_delta[year=1],0.0,0.0,0.0,inf,True,False,False
single_axis:growth[year=1]=+0.0,Outputs!C14,output_delta[year=2],0.0,0.0,0.0,inf,True,False,False
single_axis:growth[year=1]=+0.0,Outputs!D14,output_delta[year=3],0.0,-1.4210854715202004e-14,1.4210854715202004e-14,inf,True,False,False
single_axis:growth[year=1]=+0.0,Outputs!E14,output_delta[year=4],0.0,-1.4210854715202004e-14,1.4210854715202004e-14,inf,True,False,False
single_axis:growth[year=1]=+0.0,Outputs!F14,output_delta[year=5],0.0,-2.842170943040401e-14,2.842170943040401e-14,inf,True,False,False
single_axis:growth[year=1]=+1.5,Outputs!B12,output_baseline[year=1],62.47783251231528,62.47783251231528,0.0,0.0,True,False,False
single_axis:growth[year=1]=+1.5,Outputs!C12,output_baseline[year=2],63.27965779015256,63.27965779015256,0.0,0.0,True,False,False
single_axis:growth[year=1]=+1.5,Outputs!D12,output_baseline[year=3],63.585356620056686,63.585356620056686,0.0,0.0,True,False,False
single_axis:growth[year=1]=+1.5,Outputs!E12,output_baseline[year=4],63.392532255902374,63.392532255902374,0.0,0.0,True,False,False
single_axis:growth[year=1]=+1.5,Outputs!F12,output_baseline[year=5],62.698776373080655,62.698776373080655,0.0,0.0,True,False,False
single_axis:growth[year=1]=+1.5,Outputs!B13,output_shocked[year=1],62.47783251231528,62.47783251231528,0.0,0.0,True,False,False
single_axis:growth[year=1]=+1.5,Outputs!C13,output_shocked[year=2],63.27965779015256,63.27965779015255,1.4210854715202004e-14,2.2457224345820445e-16,True,False,False
single_axis:growth[year=1]=+1.5,Outputs!D13,output_shocked[year=3],63.585356620056686,63.58535662005667,1.4210854715202004e-14,2.234925692108092e-16,True,False,False
single_axis:growth[year=1]=+1.5,Outputs!E13,output_shocked[year=4],63.392532255902374,63.39253225590236,1.4210854715202004e-14,2.2417237818858157e-16,True,False,False
single_axis:growth[year=1]=+1.5,Outputs!F13,output_shocked[year=5],62.698776373080655,62.69877637308063,2.842170943040401e-14,4.533056476458877e-16,True,False,False
single_axis:growth[year=1]=+1.5,Outputs!B14,output_delta[year=1],0.0,-7.105427357601002e-15,7.105427357601002e-15,inf,True,False,False
single_axis:growth[year=1]=+1.5,Outputs!C14,output_delta[year=2],0.0,-1.4210854715202004e-14,1.4210854715202004e-14,inf,True,False,False
single_axis:growth[year=1]=+1.5,Outputs!D14,output_delta[year=3],0.0,-2.1316282072803006e-14,2.1316282072803006e-14,inf,True,False,False
single_axis:growth[year=1]=+1.5,Outputs!E14,output_delta[year=4],0.0,-2.1316282072803006e-14,2.1316282072803006e-14,inf,True,False,False
single_axis:growth[year=1]=+1.5,Outputs!F14,output_delta[year=5],0.0,-2.842170943040401e-14,2.842170943040401e-14,inf,True,False,False
single_axis:growth[year=1]=+3.5,Outputs!B12,output_baseline[year=1],61.28985507246378,61.28985507246378,0.0,0.0,True,False,False
single_axis:growth[year=1]=+3.5,Outputs!C12,output_baseline[year=2],62.0859413288525,62.0859413288525,0.0,0.0,True,False,False
single_axis:growth[year=1]=+3.5,Outputs!D12,output_baseline[year=3],62.38587341256677,62.38587341256677,0.0,0.0,True,False,False
single_axis:growth[year=1]=+3.5,Outputs!E12,output_baseline[year=4],62.18725444354536,62.18725444354536,0.0,0.0,True,False,False
single_axis:growth[year=1]=+3.5,Outputs!F12,output_baseline[year=5],61.487675962596306,61.487675962596306,0.0,0.0,True,False,False
single_axis:growth[year=1]=+3.5,Outputs!B13,output_shocked[year=1],61.28985507246378,61.28985507246378,0.0,0.0,True,False,False
single_axis:growth[year=1]=+3.5,Outputs!C13,output_shocked[year=2],62.0859413288525,62.08594132885249,7.105427357601002e-15,1.1444502902783528e-16,True,False,False
single_axis:growth[year=1]=+3.5,Outputs!D13,output_shocked[year=3],62.38587341256677,62.38587341256675,1.4210854715202004e-14,2.2778962508424903e-16,True,False,False
single_axis:growth[year=1]=+3.5,Outputs!E13,output_shocked[year=4],62.18725444354536,62.187254443545335,2.842170943040401e-14,4.570343181206964e-16,True,False,False
single_axis:growth[year=1]=+3.5,Outputs!F13,output_shocked[year=5],61.487675962596306,61.487675962596285,2.1316282072803006e-14,3.4667568320145904e-16,True,False,False
single_axis:growth[year=1]=+3.5,Outputs!B14,output_delta[year=1],0.0,-1.4210854715202004e-14,1.4210854715202004e-14,inf,True,False,False
single_axis:growth[year=1]=+3.5,Outputs!C14,output_delta[year=2],0.0,-2.1316282072803006e-14,2.1316282072803006e-14,inf,True,False,False
single_axis:growth[year=1]=+3.5,Outputs!D14,output_delta[year=3],0.0,-2.1316282072803006e-14,2.1316282072803006e-14,inf,True,False,False
single_axis:growth[year=1]=+3.5,Outputs!E14,output_delta[year=4],0.0,-3.552713678800501e-14,3.552713678800501e-14,inf,True,False,False
single_axis:growth[year=1]=+3.5,Outputs!F14,output_delta[year=5],0.0,-3.552713678800501e-14,3.552713678800501e-14,inf,True,False,False
single_axis:growth[year=1]=+5.5,Outputs!B12,output_baseline[year=1],60.14691943127963,60.14691943127963,0.0,0.0,True,False,False
single_axis:growth[year=1]=+5.5,Outputs!C12,output_baseline[year=2],60.937484259450066,60.937484259450066,0.0,0.0,True,False,False
single_axis:growth[year=1]=+5.5,Outputs!D12,output_baseline[year=3],61.231868241379786,61.231868241379786,0.0,0.0,True,False,False
single_axis:growth[year=1]=+5.5,Outputs!E12,output_baseline[year=4],61.027674368149746,61.027674368149746,0.0,0.0,True,False,False
single_axis:growth[year=1]=+5.5,Outputs!F12,output_baseline[year=5],60.32249405108767,60.32249405108767,0.0,0.0,True,False,False
single_axis:growth[year=1]=+5.5,Outputs!B13,output_shocked[year=1],60.14691943127963,60.14691943127963,0.0,0.0,True,False,False
single_axis:growth[year=1]=+5.5,Outputs!C13,output_shocked[year=2],60.937484259450066,60.937484259450066,0.0,0.0,True,False,False
single_axis:growth[year=1]=+5.5,Outputs!D13,output_shocked[year=3],61.231868241379786,61.23186824137978,7.105427357601002e-15,1.1604132883208743e-16,True,False,False
single_axis:growth[year=1]=+5.5,Outputs!E13,output_shocked[year=4],61.027674368149746,61.02767436814973,1.4210854715202004e-14,2.328591882671942e-16,True,False,False
single_axis:growth[year=1]=+5.5,Outputs!F13,output_shocked[year=5],60.32249405108767,60.32249405108765,2.1316282072803006e-14,3.533720282644489e-16,True,False,False
single_axis:growth[year=1]=+5.5,Outputs!B14,output_delta[year=1],0.0,0.0,0.0,inf,True,False,False
single_axis:growth[year=1]=+5.5,Outputs!C14,output_delta[year=2],0.0,-7.105427357601002e-15,7.105427357601002e-15,inf,True,False,False
single_axis:growth[year=1]=+5.5,Outputs!D14,output_delta[year=3],0.0,-1.4210854715202004e-14,1.4210854715202004e-14,inf,True,False,False
single_axis:growth[year=1]=+5.5,Outputs!E14,output_delta[year=4],0.0,-2.1316282072803006e-14,2.1316282072803006e-14,inf,True,False,False
single_axis:growth[year=1]=+5.5,Outputs!F14,output_delta[year=5],0.0,-2.842170943040401e-14,2.842170943040401e-14,inf,True,False,False
single_axis:growth[year=1]=+7.0,Outputs!B12,output_baseline[year=1],59.3177570093458,59.3177570093458,0.0,0.0,True,False,False
single_axis:growth[year=1]=+7.0,Outputs!C12,output_baseline[year=2],60.104316221951336,60.104316221951336,0.0,0.0,True,False,False
single_axis:growth[year=1]=+7.0,Outputs!D12,output_baseline[year=3],60.394675237516324,60.394675237516324,0.0,0.0,True,False,False
single_axis:growth[year=1]=+7.0,Outputs!E12,output_baseline[year=4],60.1864369536396,60.1864369536396,0.0,0.0,True,False,False
single_axis:growth[year=1]=+7.0,Outputs!F12,output_baseline[year=5],59.47719268771516,59.47719268771516,0.0,0.0,True,False,False
single_axis:growth[year=1]=+7.0,Outputs!B13,output_shocked[year=1],59.3177570093458,59.3177570093458,0.0,0.0,True,False,False
single_axis:growth[year=1]=+7.0,Outputs!C13,output_shocked[year=2],60.104316221951336,60.104316221951336,0.0,0.0,True,False,False
single_axis:growth[year=1]=+7.0,Outputs!D13,output_shocked[year=3],60.394675237516324,60.394675237516324,0.0,0.0,True,False,False
single_axis:growth[year=1]=+7.0,Outputs!E13,output_shocked[year=4],60.1864369536396,60.18643695363959,7.105427357601002e-15,1.1805695298218383e-16,True,False,False
single_axis:growth[year=1]=+7.0,Outputs!F13,output_shocked[year=5],59.47719268771516,59.477192687715146,1.4210854715202004e-14,2.3892947990696294e-16,True,False,False
single_axis:growth[year=1]=+7.0,Outputs!B14,output_delta[year=1],0.0,0.0,0.0,inf,True,False,False
single_axis:growth[year=1]=+7.0,Outputs!C14,output_delta[year=2],0.0,0.0,0.0,inf,True,False,False
single_axis:growth[year=1]=+7.0,Outputs!D14,output_delta[year=3],0.0,-7.105427357601002e-15,7.105427357601002e-15,inf,True,False,False
single_axis:growth[year=1]=+7.0,Outputs!E14,output_delta[year=4],0.0,-1.4210854715202004e-14,1.4210854715202004e-14,inf,True,False,False
single_axis:growth[year=1]=+7.0,Outputs!F14,output_delta[year=5],0.0,-2.1316282072803006e-14,2.1316282072803006e-14,inf,True,False,False
single_axis:growth[year=3]=+0.0,Outputs!B12,output_baseline[year=1],61.28985507246378,61.28985507246378,0.0,0.0,True,False,False
single_axis:growth[year=3]=+0.0,Outputs!C12,output_baseline[year=2],62.0859413288525,62.0859413288525,0.0,0.0,True,False,False
single_axis:growth[year=3]=+0.0,Outputs!D12,output_baseline[year=3],64.5693789820066,64.5693789820066,0.0,0.0,True,False,False
single_axis:growth[year=3]=+0.0,Outputs!E12,output_baseline[year=4],64.38130834906943,64.38130834906943,0.0,0.0,True,False,False
single_axis:growth[year=3]=+0.0,Outputs!F12,output_baseline[year=5],63.692329162349964,63.692329162349964,0.0,0.0,True,False,False
single_axis:growth[year=3]=+0.0,Outputs!B13,output_shocked[year=1],61.28985507246378,61.28985507246378,0.0,0.0,True,False,False
single_axis:growth[year=3]=+0.0,Outputs!C13,output_shocked[year=2],62.0859413288525,62.08594132885249,7.105427357601002e-15,1.1444502902783528e-16,True,False,False
single_axis:growth[year=3]=+0.0,Outputs!D13,output_shocked[year=3],64.5693789820066,64.56937898200658,1.4210854715202004e-14,2.200865942842986e-16,True,False,False
single_axis:growth[year=3]=+0.0,Outputs!E13,output_shocked[year=4],64.38130834906943,64.38130834906941,1.4210854715202004e-14,2.2072951108964857e-16,True,False,False
single_axis:growth[year=3]=+0.0,Outputs!F13,output_shocked[year=5],63.692329162349964,63.69232916234995,1.4210854715202004e-14,2.2311720896528894e-16,True,False,False
single_axis:growth[year=3]=+0.0,Outputs!B14,output_delta[year=1],0.0,-1.4210854715202004e-14,1.4210854715202004e-14,inf,True,False,False
single_axis:growth[year=3]=+0.0,Outputs!C14,output_delta[year=2],0.0,-2.1316282072803006e-14,2.1316282072803006e-14,inf,True,False,False
single_axis:growth[year=3]=+0.0,Outputs!D14,output_delta[year=3],0.0,-1.4210854715202004e-14,1.4210854715202004e-14,inf,True,False,False
single_axis:growth[year=3]=+0.0,Outputs!E14,output_delta[year=4],0.0,-1.4210854715202004e-14,1.4210854715202004e-14,inf,True,False,False
single_axis:growth[year=3]=+0.0,Outputs!F14,output_delta[year=5],0.0,-1.4210854715202004e-14,1.4210854715202004e-14,inf,True,False,False
single_axis:growth[year=3]=+1.5,Outputs!B12,output_baseline[year=1],61.28985507246378,61.28985507246378,0.0,0.0,True,False,False
single_axis:growth[year=3]=+1.5,Outputs!C12,output_baseline[year=2],62.0859413288525,62.0859413288525,0.0,0.0,True,False,False
single_axis:growth[year=3]=+1.5,Outputs!D12,output_baseline[year=3],63.615151706410444,63.615151706410444,0.0,0.0,True,False,False
single_axis:growth[year=3]=+1.5,Outputs!E12,output_baseline[year=4],63.42247127987137,63.42247127987137,0.0,0.0,True,False,False
single_axis:growth[year=3]=+1.5,Outputs!F12,output_baseline[year=5],62.72886003001568,62.72886003001568,0.0,0.0,True,False,False
single_axis:growth[year=3]=+1.5,Outputs!B13,output_shocked[year=1],61.28985507246378,61.28985507246378,0.0,0.0,True,False,False
single_axis:growth[year=3]=+1.5,Outputs!C13,output_shocked[year=2],62.0859413288525,62.08594132885249,7.105427357601002e-15,1.1444502902783528e-16,True,False,False
single_axis:growth[year=3]=+1.5,Outputs!D13,output_shocked[year=3],63.615151706410444,63.61515170641043,1.4210854715202004e-14,2.2338789319856306e-16,True,False,False
single_axis:growth[year=3]=+1.5,Outputs!E13,output_shocked[year=4],63.42247127987137,63.42247127987135,1.4210854715202004e-14,2.2406655603961236e-16,True,False,False
single_axis:growth[year=3]=+1.5,Outputs!F13,output_shocked[year=5],62.72886003001568,62.72886003001567,1.4210854715202004e-14,2.2654412511883886e-16,True,False,False
single_axis:growth[year=3]=+1.5,Outputs!B14,output_delta[year=1],0.0,-1.4210854715202004e-14,1.4210854715202004e-14,inf,True,False,False
single_axis:growth[year=3]=+1.5,Outputs!C14,output_delta[year=2],0.0,-2.1316282072803006e-14,2.1316282072803006e-14,inf,True,False,False
single_axis:growth[year=3]=+1.5,Outputs!D14,output_delta[year=3],0.0,-2.1316282072803006e-14,2.1316282072803006e-14,inf,True,False,False
single_axis:growth[year=3]=+1.5,Outputs!E14,output_delta[year=4],0.0,-2.1316282072803006e-14,2.1316282072803006e-14,inf,True,False,False
single_axis:growth[year=3]=+1.5,Outputs!F14,output_delta[year=5],0.0,-2.842170943040401e-14,2.842170943040401e-14,inf,True,False,False
single_axis:growth[year=3]=+3.5,Outputs!B12,output_baseline[year=1],61.28985507246378,61.28985507246378,0.0,0.0,True,False,False
single_axis:growth[year=3]=+3.5,Outputs!C12,output_baseline[year=2],62.0859413288525,62.0859413288525,0.0,0.0,True,False,False
single_axis:growth[year=3]=+3.5,Outputs!D12,output_baseline[year=3],62.38587341256677,62.38587341256677,0.0,0.0,True,False,False
single_axis:growth[year=3]=+3.5,Outputs!E12,output_baseline[year=4],62.18725444354536,62.18725444354536,0.0,0.0,True,False,False
single_axis:growth[year=3]=+3.5,Outputs!F12,output_baseline[year=5],61.487675962596306,61.487675962596306,0.0,0.0,True,False,False
single_axis:growth[year=3]=+3.5,Outputs!B13,output_shocked[year=1],61.28985507246378,61.28985507246378,0.0,0.0,True,False,False
single_axis:growth[year=3]=+3.5,Outputs!C13,output_shocked[year=2],62.0859413288525,62.08594132885249,7.105427357601002e-15,1.1444502902783528e-16,True,False,False
single_axis:growth[year=3]=+3.5,Outputs!D13,output_shocked[year=3],62.38587341256677,62.38587341256675,1.4210854715202004e-14,2.2778962508424903e-16,True,False,False
single_axis:growth[year=3]=+3.5,Outputs!E13,output_shocked[year=4],62.18725444354536,62.187254443545335,2.842170943040401e-14,4.570343181206964e-16,True,False,False
single_axis:growth[year=3]=+3.5,Outputs!F13,output_shocked[year=5],61.487675962596306,61.487675962596285,2.1316282072803006e-14,3.4667568320145904e-16,True,False,False
single_axis:growth[year=3]=+3.5,Outputs!B14,output_delta[year=1],0.0,-1.4210854715202004e-14,1.4210854715202004e-14,inf,True,False,False
single_axis:growth[year=3]=+3.5,Outputs!C14,output_delta[year=2],0.0,-2.1316282072803006e-14,2.1316282072803006e-14,inf,True,False,False
single_axis:growth[year=3]=+3.5,Outputs!D14,output_delta[year=3],0.0,-2.1316282072803006e-14,2.1316282072803006e-14,inf,True,False,False
single_axis:growth[year=3]=+3.5,Outputs!E14,output_delta[year=4],0.0,-3.552713678800501e-14,3.552713678800501e-14,inf,True,False,False
single_axis:growth[year=3]=+3.5,Outputs!F14,output_delta[year=5],0.0,-3.552713678800501e-14,3.552713678800501e-14,inf,True,False,False
single_axis:growth[year=3]=+5.5,Outputs!B12,output_baseline[year=1],61.28985507246378,61.28985507246378,0.0,0.0,True,False,False
single_axis:growth[year=3]=+5.5,Outputs!C12,output_baseline[year=2],62.0859413288525,62.0859413288525,0.0,0.0,True,False,False
single_axis:growth[year=3]=+5.5,Outputs!D12,output_baseline[year=3],61.203202826546544,61.203202826546544,0.0,0.0,True,False,False
single_axis:growth[year=3]=+5.5,Outputs!E12,output_baseline[year=4],60.9988704730516,60.9988704730516,0.0,0.0,True,False,False
single_axis:growth[year=3]=+5.5,Outputs!F12,output_baseline[year=5],60.29355100673785,60.29355100673785,0.0,0.0,True,False,False
single_axis:growth[year=3]=+5.5,Outputs!B13,output_shocked[year=1],61.28985507246378,61.28985507246378,0.0,0.0,True,False,False
single_axis:growth[year=3]=+5.5,Outputs!C13,output_shocked[year=2],62.0859413288525,62.08594132885249,7.105427357601002e-15,1.1444502902783528e-16,True,False,False
single_axis:growth[year=3]=+5.5,Outputs!D13,output_shocked[year=3],61.203202826546544,61.20320282654653,1.4210854715202004e-14,2.32191356969935e-16,True,False,False
single_axis:growth[year=3]=+5.5,Outputs!E13,output_shocked[year=4],60.9988704730516,60.99887047305158,2.1316282072803006e-14,3.4945371787204195e-16,True,False,False
single_axis:growth[year=3]=+5.5,Outputs!F13,output_shocked[year=5],60.29355100673785,60.29355100673783,2.1316282072803006e-14,3.535416593794732e-16,True,False,False
single_axis:growth[year=3]=+5.5,Outputs!B14,output_delta[year=1],0.0,-1.4210854715202004e-14,1.4210854715202004e-14,inf,True,False,False
single_axis:growth[year=3]=+5.5,Outputs!C14,output_delta[year=2],0.0,-2.1316282072803006e-14,2.1316282072803006e-14,inf,True,False,False
single_axis:growth[year=3]=+5.5,Outputs!D14,output_delta[year=3],0.0,-2.1316282072803006e-14,2.1316282072803006e-14,inf,True,False,False
single_axis:growth[year=3]=+5.5,Outputs!E14,output_delta[year=4],0.0,-2.1316282072803006e-14,2.1316282072803006e-14,inf,True,False,False
single_axis:growth[year=3]=+5.5,Outputs!F14,output_delta[year=5],0.0,-2.842170943040401e-14,2.842170943040401e-14,inf,True,False,False
single_axis:growth[year=3]=+7.0,Outputs!B12,output_baseline[year=1],61.28985507246378,61.28985507246378,0.0,0.0,True,False,False
single_axis:growth[year=3]=+7.0,Outputs!C12,output_baseline[year=2],62.0859413288525,62.0859413288525,0.0,0.0,True,False,False
single_axis:growth[year=3]=+7.0,Outputs!D12,output_baseline[year=3],60.34521400187532,60.34521400187532,0.0,0.0,True,False,False
single_axis:growth[year=3]=+7.0,Outputs!E12,output_baseline[year=4],60.13673677483124,60.13673677483124,0.0,0.0,True,False,False
single_axis:growth[year=3]=+7.0,Outputs!F12,output_baseline[year=5],59.42725241142464,59.42725241142464,0.0,0.0,True,False,False
single_axis:growth[year=3]=+7.0,Outputs!B13,output_shocked[year=1],61.28985507246378,61.28985507246378,0.0,0.0,True,False,False
single_axis:growth[year=3]=+7.0,Outputs!C13,output_shocked[year=2],62.0859413288525,62.08594132885249,7.105427357601002e-15,1.1444502902783528e-16,True,False,False
single_axis:growth[year=3]=+7.0,Outputs!D13,output_shocked[year=3],60.34521400187532,60.345214001875306,1.4210854715202004e-14,2.3549265588419955e-16,True,False,False
single_axis:growth[year=3]=+7.0,Outputs!E13,output_shocked[year=4],60.13673677483124,60.13673677483123,1.4210854715202004e-14,2.363090429800243e-16,True,False,False
single_axis:growth[year=3]=+7.0,Outputs!F13,output_shocked[year=5],59.42725241142464,59.427252411424625,1.4210854715202004e-14,2.3913026664631776e-16,True,False,False
single_axis:growth[year=3]=+7.0,Outputs!B14,output_delta[year=1],0.0,-1.4210854715202004e-14,1.4210854715202004e-14,inf,True,False,False
single_axis:growth[year=3]=+7.0,Outputs!C14,output_delta[year=2],0.0,-2.1316282072803006e-14,2.1316282072803006e-14,inf,True,False,False
single_axis:growth[year=3]=+7.0,Outputs!D14,output_delta[year=3],0.0,-1.4210854715202004e-14,1.4210854715202004e-14,inf,True,False,False
single_axis:growth[year=3]=+7.0,Outputs!E14,output_delta[year=4],0.0,-1.4210854715202004e-14,1.4210854715202004e-14,inf,True,False,False
single_axis:growth[year=3]=+7.0,Outputs!F14,output_delta[year=5],0.0,-2.1316282072803006e-14,2.1316282072803006e-14,inf,True,False,False
single_axis:growth[year=5]=+0.0,Outputs!B12,output_baseline[year=1],61.28985507246378,61.28985507246378,0.0,0.0,True,False,False
single_axis:growth[year=5]=+0.0,Outputs!C12,output_baseline[year=2],62.0859413288525,62.0859413288525,0.0,0.0,True,False,False
single_axis:growth[year=5]=+0.0,Outputs!D12,output_baseline[year=3],62.38587341256677,62.38587341256677,0.0,0.0,True,False,False
single_axis:growth[year=5]=+0.0,Outputs!E12,output_baseline[year=4],62.18725444354536,62.18725444354536,0.0,0.0,True,False,False
single_axis:growth[year=5]=+0.0,Outputs!F12,output_baseline[year=5],63.674744621287175,63.674744621287175,0.0,0.0,True,False,False
single_axis:growth[year=5]=+0.0,Outputs!B13,output_shocked[year=1],61.28985507246378,61.28985507246378,0.0,0.0,True,False,False
single_axis:growth[year=5]=+0.0,Outputs!C13,output_shocked[year=2],62.0859413288525,62.08594132885249,7.105427357601002e-15,1.1444502902783528e-16,True,False,False
single_axis:growth[year=5]=+0.0,Outputs!D13,output_shocked[year=3],62.38587341256677,62.38587341256675,1.4210854715202004e-14,2.2778962508424903e-16,True,False,False
single_axis:growth[year=5]=+0.0,Outputs!E13,output_shocked[year=4],62.18725444354536,62.187254443545335,2.842170943040401e-14,4.570343181206964e-16,True,False,False
single_axis:growth[year=5]=+0.0,Outputs!F13,output_shocked[year=5],63.674744621287175,63.67474462128715,2.842170943040401e-14,4.46357650893543e-16,True,False,False
single_axis:growth[year=5]=+0.0,Outputs!B14,output_delta[year=1],0.0,-1.4210854715202004e-14,1.4210854715202004e-14,inf,True,False,False
single_axis:growth[year=5]=+0.0,Outputs!C14,output_delta[year=2],0.0,-2.1316282072803006e-14,2.1316282072803006e-14,inf,True,False,False
single_axis:growth[year=5]=+0.0,Outputs!D14,output_delta[year=3],0.0,-2.1316282072803006e-14,2.1316282072803006e-14,inf,True,False,False
single_axis:growth[year=5]=+0.0,Outputs!E14,output_delta[year=4],0.0,-3.552713678800501e-14,3.552713678800501e-14,inf,True,False,False
single_axis:growth[year=5]=+0.0,Outputs!F14,output_delta[year=5],0.0,-2.842170943040401e-14,2.842170943040401e-14,inf,True,False,False
single_axis:growth[year=5]=+1.5,Outputs!B12,output_baseline[year=1],61.28985507246378,61.28985507246378,0.0,0.0,True,False,False
single_axis:growth[year=5]=+1.5,Outputs!C12,output_baseline[year=2],62.0859413288525,62.0859413288525,0.0,0.0,True,False,False
single_axis:growth[year=5]=+1.5,Outputs!D12,output_baseline[year=3],62.38587341256677,62.38587341256677,0.0,0.0,True,False,False
single_axis:growth[year=5]=+1.5,Outputs!E12,output_baseline[year=4],62.18725444354536,62.18725444354536,0.0,0.0,True,False,False
single_axis:growth[year=5]=+1.5,Outputs!F12,output_baseline[year=5],62.718960218016925,62.718960218016925,0.0,0.0,True,False,False
single_axis:growth[year=5]=+1.5,Outputs!B13,output_shocked[year=1],61.28985507246378,61.28985507246378,0.0,0.0,True,False,False
single_axis:growth[year=5]=+1.5,Outputs!C13,output_shocked[year=2],62.0859413288525,62.08594132885249,7.105427357601002e-15,1.1444502902783528e-16,True,False,False
single_axis:growth[year=5]=+1.5,Outputs!D13,output_shocked[year=3],62.38587341256677,62.38587341256675,1.4210854715202004e-14,2.2778962508424903e-16,True,False,False
single_axis:growth[year=5]=+1.5,Outputs!E13,output_shocked[year=4],62.18725444354536,62.187254443545335,2.842170943040401e-14,4.570343181206964e-16,True,False,False
single_axis:growth[year=5]=+1.5,Outputs!F13,output_shocked[year=5],62.718960218016925,62.718960218016896,2.842170943040401e-14,4.531597675026421e-16,True,False,False
single_axis:growth[year=5]=+1.5,Outputs!B14,output_delta[year=1],0.0,-1.4210854715202004e-14,1.4210854715202004e-14,inf,True,False,False
single_axis:growth[year=5]=+1.5,Outputs!C14,output_delta[year=2],0.0,-2.1316282072803006e-14,2.1316282072803006e-14,inf,True,False,False
single_axis:growth[year=5]=+1.5,Outputs!D14,output_delta[year=3],0.0,-2.1316282072803006e-14,2.1316282072803006e-14,inf,True,False,False
single_axis:growth[year=5]=+1.5,Outputs!E14,output_delta[year=4],0.0,-3.552713678800501e-14,3.552713678800501e-14,inf,True,False,False
single_axis:growth[year=5]=+1.5,Outputs!F14,output_delta[year=5],0.0,-2.842170943040401e-14,2.842170943040401e-14,inf,True,False,False
single_axis:growth[year=5]=+3.5,Outputs!B12,output_baseline[year=1],61.28985507246378,61.28985507246378,0.0,0.0,True,False,False
single_axis:growth[year=5]=+3.5,Outputs!C12,output_baseline[year=2],62.0859413288525,62.0859413288525,0.0,0.0,True,False,False
single_axis:growth[year=5]=+3.5,Outputs!D12,output_baseline[year=3],62.38587341256677,62.38587341256677,0.0,0.0,True,False,False
single_axis:growth[year=5]=+3.5,Outputs!E12,output_baseline[year=4],62.18725444354536,62.18725444354536,0.0,0.0,True,False,False
single_axis:growth[year=5]=+3.5,Outputs!F12,output_baseline[year=5],61.487675962596306,61.487675962596306,0.0,0.0,True,False,False
single_axis:growth[year=5]=+3.5,Outputs!B13,output_shocked[year=1],61.28985507246378,61.28985507246378,0.0,0.0,True,False,False
single_axis:growth[year=5]=+3.5,Outputs!C13,output_shocked[year=2],62.0859413288525,62.08594132885249,7.105427357601002e-15,1.1444502902783528e-16,True,False,False
single_axis:growth[year=5]=+3.5,Outputs!D13,output_shocked[year=3],62.38587341256677,62.38587341256675,1.4210854715202004e-14,2.2778962508424903e-16,True,False,False
single_axis:growth[year=5]=+3.5,Outputs!E13,output_shocked[year=4],62.18725444354536,62.187254443545335,2.842170943040401e-14,4.570343181206964e-16,True,False,False
single_axis:growth[year=5]=+3.5,Outputs!F13,output_shocked[year=5],61.487675962596306,61.487675962596285,2.1316282072803006e-14,3.4667568320145904e-16,True,False,False
single_axis:growth[year=5]=+3.5,Outputs!B14,output_delta[year=1],0.0,-1.4210854715202004e-14,1.4210854715202004e-14,inf,True,False,False
single_axis:growth[year=5]=+3.5,Outputs!C14,output_delta[year=2],0.0,-2.1316282072803006e-14,2.1316282072803006e-14,inf,True,False,False
single_axis:growth[year=5]=+3.5,Outputs!D14,output_delta[year=3],0.0,-2.1316282072803006e-14,2.1316282072803006e-14,inf,True,False,False
single_axis:growth[year=5]=+3.5,Outputs!E14,output_delta[year=4],0.0,-3.552713678800501e-14,3.552713678800501e-14,inf,True,False,False
single_axis:growth[year=5]=+3.5,Outputs!F14,output_delta[year=5],0.0,-3.552713678800501e-14,3.552713678800501e-14,inf,True,False,False
single_axis:growth[year=5]=+5.5,Outputs!B12,output_baseline[year=1],61.28985507246378,61.28985507246378,0.0,0.0,True,False,False
single_axis:growth[year=5]=+5.5,Outputs!C12,output_baseline[year=2],62.0859413288525,62.0859413288525,0.0,0.0,True,False,False
single_axis:growth[year=5]=+5.5,Outputs!D12,output_baseline[year=3],62.38587341256677,62.38587341256677,0.0,0.0,True,False,False
single_axis:growth[year=5]=+5.5,Outputs!E12,output_baseline[year=4],62.18725444354536,62.18725444354536,0.0,0.0,True,False,False
single_axis:growth[year=5]=+5.5,Outputs!F12,output_baseline[year=5],60.303075470414385,60.303075470414385,0.0,0.0,True,False,False
single_axis:growth[year=5]=+5.5,Outputs!B13,output_shocked[year=1],61.28985507246378,61.28985507246378,0.0,0.0,True,False,False
single_axis:growth[year=5]=+5.5,Outputs!C13,output_shocked[year=2],62.0859413288525,62.08594132885249,7.105427357601002e-15,1.1444502902783528e-16,True,False,False
single_axis:growth[year=5]=+5.5,Outputs!D13,output_shocked[year=3],62.38587341256677,62.38587341256675,1.4210854715202004e-14,2.2778962508424903e-16,True,False,False
single_axis:growth[year=5]=+5.5,Outputs!E13,output_shocked[year=4],62.18725444354536,62.187254443545335,2.842170943040401e-14,4.570343181206964e-16,True,False,False
single_axis:growth[year=5]=+5.5,Outputs!F13,output_shocked[year=5],60.303075470414385,60.30307547041436,2.1316282072803006e-14,3.534858198610633e-16,True,False,False
single_axis:growth[year=5]=+5.5,Outputs!B14,output_delta[year=1],0.0,-1.4210854715202004e-14,1.4210854715202004e-14,inf,True,False,False
single_axis:growth[year=5]=+5.5,Outputs!C14,output_delta[year=2],0.0,-2.1316282072803006e-14,2.1316282072803006e-14,inf,True,False,False
single_axis:growth[year=5]=+5.5,Outputs!D14,output_delta[year=3],0.0,-2.1316282072803006e-14,2.1316282072803006e-14,inf,True,False,False
single_axis:growth[year=5]=+5.5,Outputs!E14,output_delta[year=4],0.0,-3.552713678800501e-14,3.552713678800501e-14,inf,True,False,False
single_axis:growth[year=5]=+5.5,Outputs!F14,output_delta[year=5],0.0,-2.842170943040401e-14,2.842170943040401e-14,inf,True,False,False
single_axis:growth[year=5]=+7.0,Outputs!B12,output_baseline[year=1],61.28985507246378,61.28985507246378,0.0,0.0,True,False,False
single_axis:growth[year=5]=+7.0,Outputs!C12,output_baseline[year=2],62.0859413288525,62.0859413288525,0.0,0.0,True,False,False
single_axis:growth[year=5]=+7.0,Outputs!D12,output_baseline[year=3],62.38587341256677,62.38587341256677,0.0,0.0,True,False,False
single_axis:growth[year=5]=+7.0,Outputs!E12,output_baseline[year=4],62.18725444354536,62.18725444354536,0.0,0.0,True,False,False
single_axis:growth[year=5]=+7.0,Outputs!F12,output_baseline[year=5],59.44368656195063,59.44368656195063,0.0,0.0,True,False,False
single_axis:growth[year=5]=+7.0,Outputs!B13,output_shocked[year=1],61.28985507246378,61.28985507246378,0.0,0.0,True,False,False
single_axis:growth[year=5]=+7.0,Outputs!C13,output_shocked[year=2],62.0859413288525,62.08594132885249,7.105427357601002e-15,1.1444502902783528e-16,True,False,False
single_axis:growth[year=5]=+7.0,Outputs!D13,output_shocked[year=3],62.38587341256677,62.38587341256675,1.4210854715202004e-14,2.2778962508424903e-16,True,False,False
single_axis:growth[year=5]=+7.0,Outputs!E13,output_shocked[year=4],62.18725444354536,62.187254443545335,2.842170943040401e-14,4.570343181206964e-16,True,False,False
single_axis:growth[year=5]=+7.0,Outputs!F13,output_shocked[year=5],59.44368656195063,59.4436865619506,2.842170943040401e-14,4.781283105781748e-16,True,False,False
single_axis:growth[year=5]=+7.0,Outputs!B14,output_delta[year=1],0.0,-1.4210854715202004e-14,1.4210854715202004e-14,inf,True,False,False
single_axis:growth[year=5]=+7.0,Outputs!C14,output_delta[year=2],0.0,-2.1316282072803006e-14,2.1316282072803006e-14,inf,True,False,False
single_axis:growth[year=5]=+7.0,Outputs!D14,output_delta[year=3],0.0,-2.1316282072803006e-14,2.1316282072803006e-14,inf,True,False,False
single_axis:growth[year=5]=+7.0,Outputs!E14,output_delta[year=4],0.0,-3.552713678800501e-14,3.552713678800501e-14,inf,True,False,False
single_axis:growth[year=5]=+7.0,Outputs!F14,output_delta[year=5],0.0,-2.842170943040401e-14,2.842170943040401e-14,inf,True,False,False
single_axis:interest[year=1]=+0.0,Outputs!B12,output_baseline[year=1],58.971014492753625,58.971014492753625,0.0,0.0,True,False,False
single_axis:interest[year=1]=+0.0,Outputs!C12,output_baseline[year=2],59.75589862073795,59.75589862073795,0.0,0.0,True,False,False
single_axis:interest[year=1]=+0.0,Outputs!D12,output_baseline[year=3],60.04457445948548,60.04457445948548,0.0,0.0,True,False,False
single_axis:interest[year=1]=+0.0,Outputs!E12,output_baseline[year=4],59.83464486750233,59.83464486750233,0.0,0.0,True,False,False
single_axis:interest[year=1]=+0.0,Outputs!F12,output_baseline[year=5],59.1237011229009,59.1237011229009,0.0,0.0,True,False,False
single_axis:interest[year=1]=+0.0,Outputs!B13,output_shocked[year=1],58.971014492753625,58.971014492753625,0.0,0.0,True,False,False
single_axis:interest[year=1]=+0.0,Outputs!C13,output_shocked[year=2],59.75589862073795,59.75589862073795,0.0,0.0,True,False,False
single_axis:interest[year=1]=+0.0,Outputs!D13,output_shocked[year=3],60.04457445948548,60.044574459485474,7.105427357601002e-15,1.1833587666434914e-16,True,False,False
single_axis:interest[year=1]=+0.0,Outputs!E13,output_shocked[year=4],59.83464486750233,59.83464486750232,7.105427357601002e-15,1.1875105757434076e-16,True,False,False
single_axis:interest[year=1]=+0.0,Outputs!F13,output_shocked[year=5],59.1237011229009,59.12370112290088,1.4210854715202004e-14,2.403580027180942e-16,True,False,False
single_axis:interest[year=1]=+0.0,Outputs!B14,output_delta[year=1],0.0,0.0,0.0,inf,True,False,False
single_axis:interest[year=1]=+0.0,Outputs!C14,output_delta[year=2],0.0,-7.105427357601002e-15,7.105427357601002e-15,inf,True,False,False
single_axis:interest[year=1]=+0.0,Outputs!D14,output_delta[year=3],0.0,-7.105427357601002e-15,7.105427357601002e-15,inf,True,False,False
single_axis:interest[year=1]=+0.0,Outputs!E14,output_delta[year=4],0.0,-1.4210854715202004e-14,1.4210854715202004e-14,inf,True,False,False
single_axis:interest[year=1]=+0.0,Outputs!F14,output_delta[year=5],0.0,-2.1316282072803006e-14,2.1316282072803006e-14,inf,True,False,False
single_axis:interest[year=1]=+2.0,Outputs!B12,output_baseline[year=1],60.1304347826087,60.1304347826087,0.0,0.0,True,False,False
single_axis:interest[year=1]=+2.0,Outputs!C12,output_baseline[year=2],60.920919974795225,60.920919974795225,0.0,0.0,True,False,False
single_axis:interest[year=1]=+2.0,Outputs!D12,output_baseline[year=3],61.21522393602613,61.21522393602613,0.0,0.0,True,False,False
single_axis:interest[year=1]=+2.0,Outputs!E12,output_baseline[year=4],61.010949655523845,61.010949655523845,0.0,0.0,True,False,False
single_axis:interest[year=1]=+2.0,Outputs!F12,output_baseline[year=5],60.305688542748605,60.305688542748605,0.0,0.0,True,False,False
single_axis:interest[year=1]=+2.0,Outputs!B13,output_shocked[year=1],60.1304347826087,60.1304347826087,0.0,0.0,True,False,False
single_axis:interest[year=1]=+2.0,Outputs!C13,output_shocked[year=2],60.920919974795225,60.92091997479522,7.105427357601002e-15,1.166336188051777e-16,True,False,False
single_axis:interest[year=1]=+2.0,Outputs!D13,output_shocked[year=3],61.21522393602613,61.21522393602611,1.4210854715202004e-14,2.321457605064594e-16,True,False,False
single_axis:interest[year=1]=+2.0,Outputs!E13,output_shocked[year=4],61.010949655523845,61.010949655523824,2.1316282072803006e-14,3.493845316809138e-16,True,False,False
single_axis:interest[year=1]=+2.0,Outputs!F13,output_shocked[year=5],60.305688542748605,60.30568854274858,2.842170943040401e-14,4.712940042174769e-16,True,False,False
single_axis:interest[year=1]=+2.0,Outputs!B14,output_delta[year=1],0.0,-7.105427357601002e-15,7.105427357601002e-15,inf,True,False,False
single_axis:interest[year=1]=+2.0,Outputs!C14,output_delta[year=2],0.0,-1.4210854715202004e-14,1.4210854715202004e-14,inf,True,False,False
single_axis:interest[year=1]=+2.0,Outputs!D14,output_delta[year=3],0.0,-2.1316282072803006e-14,2.1316282072803006e-14,inf,True,False,False
single_axis:interest[year=1]=+2.0,Outputs!E14,output_delta[year=4],0.0,-2.842170943040401e-14,2.842170943040401e-14,inf,True,False,False
single_axis:interest[year=1]=+2.0,Outputs!F14,output_delta[year=5],0.0,-3.552713678800501e-14,3.552713678800501e-14,inf,True,False,False
single_axis:interest[year=1]=+4.0,Outputs!B12,output_baseline[year=1],61.28985507246378,61.28985507246378,0.0,0.0,True,False,False
single_axis:interest[year=1]=+4.0,Outputs!C12,output_baseline[year=2],62.0859413288525,62.0859413288525,0.0,0.0,True,False,False
single_axis:interest[year=1]=+4.0,Outputs!D12,output_baseline[year=3],62.38587341256677,62.38587341256677,0.0,0.0,True,False,False
single_axis:interest[year=1]=+4.0,Outputs!E12,output_baseline[year=4],62.18725444354536,62.18725444354536,0.0,0.0,True,False,False
single_axis:interest[year=1]=+4.0,Outputs!F12,output_baseline[year=5],61.487675962596306,61.487675962596306,0.0,0.0,True,False,False
single_axis:interest[year=1]=+4.0,Outputs!B13,output_shocked[year=1],61.28985507246378,61.28985507246378,0.0,0.0,True,False,False
single_axis:interest[year=1]=+4.0,Outputs!C13,output_shocked[year=2],62.0859413288525,62.08594132885249,7.105427357601002e-15,1.1444502902783528e-16,True,False,False
single_axis:interest[year=1]=+4.0,Outputs!D13,output_shocked[year=3],62.38587341256677,62.38587341256675,1.4210854715202004e-14,2.2778962508424903e-16,True,False,False
single_axis:interest[year=1]=+4.0,Outputs!E13,output_shocked[year=4],62.18725444354536,62.187254443545335,2.842170943040401e-14,4.570343181206964e-16,True,False,False
single_axis:interest[year=1]=+4.0,Outputs!F13,output_shocked[year=5],61.487675962596306,61.487675962596285,2.1316282072803006e-14,3.4667568320145904e-16,True,False,False
single_axis:interest[year=1]=+4.0,Outputs!B14,output_delta[year=1],0.0,-1.4210854715202004e-14,1.4210854715202004e-14,inf,True,False,False
single_axis:interest[year=1]=+4.0,Outputs!C14,output_delta[year=2],0.0,-2.1316282072803006e-14,2.1316282072803006e-14,inf,True,False,False
single_axis:interest[year=1]=+4.0,Outputs!D14,output_delta[year=3],0.0,-2.1316282072803006e-14,2.1316282072803006e-14,inf,True,False,False
single_axis:interest[year=1]=+4.0,Outputs!E14,output_delta[year=4],0.0,-3.552713678800501e-14,3.552713678800501e-14,inf,True,False,False
single_axis:interest[year=1]=+4.0,Outputs!F14,output_delta[year=5],0.0,-3.552713678800501e-14,3.552713678800501e-14,inf,True,False,False
single_axis:interest[year=1]=+6.0,Outputs!B12,output_baseline[year=1],62.44927536231884,62.44927536231884,0.0,0.0,True,False,False
single_axis:interest[year=1]=+6.0,Outputs!C12,output_baseline[year=2],63.250962682909766,63.250962682909766,0.0,0.0,True,False,False
single_axis:interest[year=1]=+6.0,Outputs!D12,output_baseline[year=3],63.55652288910741,63.55652288910741,0.0,0.0,True,False,False
single_axis:interest[year=1]=+6.0,Outputs!E12,output_baseline[year=4],63.363559231566875,63.363559231566875,0.0,0.0,True,False,False
single_axis:interest[year=1]=+6.0,Outputs!F12,output_baseline[year=5],62.669663382444014,62.669663382444014,0.0,0.0,True,False,False
single_axis:interest[year=1]=+6.0,Outputs!B13,output_shocked[year=1],62.44927536231884,62.44927536231884,0.0,0.0,True,False,False
single_axis:interest[year=1]=+6.0,Outputs!C13,output_shocked[year=2],63.250962682909766,63.250962682909766,0.0,0.0,True,False,False
single_axis:interest[year=1]=+6.0,Outputs!D13,output_shocked[year=3],63.55652288910741,63.5565228891074,1.4210854715202004e-14,2.2359396123662893e-16,True,False,False
single_axis:interest[year=1]=+6.0,Outputs!E13,output_shocked[year=4],63.363559231566875,63.363559231566846,2.842170943040401e-14,4.485497622779481e-16,True,False,False
single_axis:interest[year=1]=+6.0,Outputs!F13,output_shocked[year=5],62.669663382444014,62.669663382443986,2.842170943040401e-14,4.535162293270899e-16,True,False,False
single_axis:interest[year=1]=+6.0,Outputs!B14,output_delta[year=1],0.0,0.0,0.0,inf,True,False,False
single_axis:interest[year=1]=+6.0,Outputs!C14,output_delta[year=2],0.0,-7.105427357601002e-15,7.105427357601002e-15,inf,True,False,False
single_axis:interest[year=1]=+6.0,Outputs!D14,output_delta[year=3],0.0,-2.1316282072803006e-14,2.1316282072803006e-14,inf,True,False,False
single_axis:interest[year=1]=+6.0,Outputs!E14,output_delta[year=4],0.0,-2.842170943040401e-14,2.842170943040401e-14,inf,True,False,False
single_axis:interest[year=1]=+6.0,Outputs!F14,output_delta[year=5],0.0,-3.552713678800501e-14,3.552713678800501e-14,inf,True,False,False
single_axis:interest[year=1]=+8.0,Outputs!B12,output_baseline[year=1],63.60869565217393,63.60869565217393,0.0,0.0,True,False,False
single_axis:interest[year=1]=+8.0,Outputs!C12,output_baseline[year=2],64.41598403696705,64.41598403696705,0.0,0.0,True,False,False
single_axis:interest[year=1]=+8.0,Outputs!D12,output_baseline[year=3],64.72717236564806,64.72717236564806,0.0,0.0,True,False,False
single_axis:interest[year=1]=+8.0,Outputs!E12,output_baseline[year=4],64.53986401958839,64.53986401958839,0.0,0.0,True,False,False
single_axis:interest[year=1]=+8.0,Outputs!F12,output_baseline[year=5],63.85165080229173,63.85165080229173,0.0,0.0,True,False,False
single_axis:interest[year=1]=+8.0,Outputs!B13,output_shocked[year=1],63.60869565217393,63.60869565217393,0.0,0.0,True,False,False
single_axis:interest[year=1]=+8.0,Outputs!C13,output_shocked[year=2],64.41598403696705,64.41598403696705,0.0,0.0,True,False,False
single_axis:interest[year=1]=+8.0,Outputs!D13,output_shocked[year=3],64.72717236564806,64.72717236564804,1.4210854715202004e-14,2.19550062142742e-16,True,False,False
single_axis:interest[year=1]=+8.0,Outputs!E13,output_shocked[year=4],64.53986401958839,64.53986401958836,2.842170943040401e-14,4.4037448578723036e-16,True,False,False
single_axis:interest[year=1]=+8.0,Outputs!F13,output_shocked[year=5],63.85165080229173,63.8516508022917,2.842170943040401e-14,4.451209807935602e-16,True,False,False
single_axis:interest[year=1]=+8.0,Outputs!B14,output_delta[year=1],0.0,-7.105427357601002e-15,7.105427357601002e-15,inf,True,False,False
single_axis:interest[year=1]=+8.0,Outputs!C14,output_delta[year=2],0.0,-1.4210854715202004e-14,1.4210854715202004e-14,inf,True,False,False
single_axis:interest[year=1]=+8.0,Outputs!D14,output_delta[year=3],0.0,-2.842170943040401e-14,2.842170943040401e-14,inf,True,False,False
single_axis:interest[year=1]=+8.0,Outputs!E14,output_delta[year=4],0.0,-2.842170943040401e-14,2.842170943040401e-14,inf,True,False,False
single_axis:interest[year=1]=+8.0,Outputs!F14,output_delta[year=5],0.0,-4.263256414560601e-14,4.263256414560601e-14,inf,True,False,False
single_axis:interest[year=3]=+0.0,Outputs!B12,output_baseline[year=1],61.28985507246378,61.28985507246378,0.0,0.0,True,False,False
single_axis:interest[year=3]=+0.0,Outputs!C12,output_baseline[year=2],62.0859413288525,62.0859413288525,0.0,0.0,True,False,False
single_axis:interest[year=3]=+0.0,Outputs!D12,output_baseline[year=3],59.98641674285266,59.98641674285266,0.0,0.0,True,False,False
single_axis:interest[year=3]=+0.0,Outputs!E12,output_baseline[year=4],59.77620619571669,59.77620619571669,0.0,0.0,True,False,False
single_axis:interest[year=3]=+0.0,Outputs!F12,output_baseline[year=5],59.064980138691176,59.064980138691176,0.0,0.0,True,False,False
single_axis:interest[year=3]=+0.0,Outputs!B13,output_shocked[year=1],61.28985507246378,61.28985507246378,0.0,0.0,True,False,False
single_axis:interest[year=3]=+0.0,Outputs!C13,output_shocked[year=2],62.0859413288525,62.08594132885249,7.105427357601002e-15,1.1444502902783528e-16,True,False,False
single_axis:interest[year=3]=+0.0,Outputs!D13,output_shocked[year=3],59.98641674285266,59.98641674285264,2.1316282072803006e-14,3.553518151314285e-16,True,False,False
single_axis:interest[year=3]=+0.0,Outputs!E13,output_shocked[year=4],59.77620619571669,59.77620619571667,2.1316282072803006e-14,3.566014544819079e-16,True,False,False
single_axis:interest[year=3]=+0.0,Outputs!F13,output_shocked[year=5],59.064980138691176,59.06498013869115,2.842170943040401e-14,4.811939217395258e-16,True,False,False
single_axis:interest[year=3]=+0.0,Outputs!B14,output_delta[year=1],0.0,-1.4210854715202004e-14,1.4210854715202004e-14,inf,True,False,False
single_axis:interest[year=3]=+0.0,Outputs!C14,output_delta[year=2],0.0,-2.1316282072803006e-14,2.1316282072803006e-14,inf,True,False,False
single_axis:interest[year=3]=+0.0,Outputs!D14,output_delta[year=3],0.0,-2.1316282072803006e-14,2.1316282072803006e-14,inf,True,False,False
single_axis:interest[year=3]=+0.0,Outputs!E14,output_delta[year=4],0.0,-2.842170943040401e-14,2.842170943040401e-14,inf,True,False,False
single_axis:interest[year=3]=+0.0,Outputs!F14,output_delta[year=5],0.0,-3.552713678800501e-14,3.552713678800501e-14,inf,True,False,False
single_axis:interest[year=3]=+2.0,Outputs!B12,output_baseline[year=1],61.28985507246378,61.28985507246378,0.0,0.0,True,False,False
single_axis:interest[year=3]=+2.0,Outputs!C12,output_baseline[year=2],62.0859413288525,62.0859413288525,0.0,0.0,True,False,False
single_axis:interest[year=3]=+2.0,Outputs!D12,output_baseline[year=3],61.18614507770971,61.18614507770971,0.0,0.0,True,False,False
single_axis:interest[year=3]=+2.0,Outputs!E12,output_baseline[year=4],60.981730319631026,60.981730319631026,0.0,0.0,True,False,False
single_axis:interest[year=3]=+2.0,Outputs!F12,output_baseline[year=5],60.27632805064374,60.27632805064374,0.0,0.0,True,False,False
single_axis:interest[year=3]=+2.0,Outputs!B13,output_shocked[year=1],61.28985507246378,61.28985507246378,0.0,0.0,True,False,False
single_axis:interest[year=3]=+2.0,Outputs!C13,output_shocked[year=2],62.0859413288525,62.08594132885249,7.105427357601002e-15,1.1444502902783528e-16,True,False,False
single_axis:interest[year=3]=+2.0,Outputs!D13,output_shocked[year=3],61.18614507770971,61.18614507770969,2.1316282072803006e-14,3.4838413248179264e-16,True,False,False
single_axis:interest[year=3]=+2.0,Outputs!E13,output_shocked[year=4],60.981730319631026,60.981730319631,2.842170943040401e-14,4.660692519125615e-16,True,False,False
single_axis:interest[year=3]=+2.0,Outputs!F13,output_shocked[year=5],60.27632805064374,60.276328050643706,3.552713678800501e-14,5.894044633600667e-16,True,False,False
single_axis:interest[year=3]=+2.0,Outputs!B14,output_delta[year=1],0.0,-1.4210854715202004e-14,1.4210854715202004e-14,inf,True,False,False
single_axis:interest[year=3]=+2.0,Outputs!C14,output_delta[year=2],0.0,-2.1316282072803006e-14,2.1316282072803006e-14,inf,True,False,False
single_axis:interest[year=3]=+2.0,Outputs!D14,output_delta[year=3],0.0,-2.1316282072803006e-14,2.1316282072803006e-14,inf,True,False,False
single_axis:interest[year=3]=+2.0,Outputs!E14,output_delta[year=4],0.0,-3.552713678800501e-14,3.552713678800501e-14,inf,True,False,False
single_axis:interest[year=3]=+2.0,Outputs!F14,output_delta[year=5],0.0,-3.552713678800501e-14,3.552713678800501e-14,inf,True,False,False
single_axis:interest[year=3]=+4.0,Outputs!B12,output_baseline[year=1],61.28985507246378,61.28985507246378,0.0,0.0,True,False,False
single_axis:interest[year=3]=+4.0,Outputs!C12,output_baseline[year=2],62.0859413288525,62.0859413288525,0.0,0.0,True,False,False
single_axis:interest[year=3]=+4.0,Outputs!D12,output_baseline[year=3],62.38587341256677,62.38587341256677,0.0,0.0,True,False,False
single_axis:interest[year=3]=+4.0,Outputs!E12,output_baseline[year=4],62.18725444354536,62.18725444354536,0.0,0.0,True,False,False
single_axis:interest[year=3]=+4.0,Outputs!F12,output_baseline[year=5],61.487675962596306,61.487675962596306,0.0,0.0,True,False,False
single_axis:interest[year=3]=+4.0,Outputs!B13,output_shocked[year=1],61.28985507246378,61.28985507246378,0.0,0.0,True,False,False
single_axis:interest[year=3]=+4.0,Outputs!C13,output_shocked[year=2],62.0859413288525,62.08594132885249,7.105427357601002e-15,1.1444502902783528e-16,True,False,False
single_axis:interest[year=3]=+4.0,Outputs!D13,output_shocked[year=3],62.38587341256677,62.38587341256675,1.4210854715202004e-14,2.2778962508424903e-16,True,False,False
single_axis:interest[year=3]=+4.0,Outputs!E13,output_shocked[year=4],62.18725444354536,62.187254443545335,2.842170943040401e-14,4.570343181206964e-16,True,False,False
single_axis:interest[year=3]=+4.0,Outputs!F13,output_shocked[year=5],61.487675962596306,61.487675962596285,2.1316282072803006e-14,3.4667568320145904e-16,True,False,False
single_axis:interest[year=3]=+4.0,Outputs!B14,output_delta[year=1],0.0,-1.4210854715202004e-14,1.4210854715202004e-14,inf,True,False,False
single_axis:interest[year=3]=+4.0,Outputs!C14,output_delta[year=2],0.0,-2.1316282072803006e-14,2.1316282072803006e-14,inf,True,False,False
single_axis:interest[year=3]=+4.0,Outputs!D14,output_delta[year=3],0.0,-2.1316282072803006e-14,2.1316282072803006e-14,inf,True,False,False
single_axis:interest[year=3]=+4.0,Outputs!E14,output_delta[year=4],0.0,-3.552713678800501e-14,3.552713678800501e-14,inf,True,False,False
single_axis:interest[year=3]=+4.0,Outputs!F14,output_delta[year=5],0.0,-3.552713678800501e-14,3.552713678800501e-14,inf,True,False,False
single_axis:interest[year=3]=+6.0,Outputs!B12,output_baseline[year=1],61.28985507246378,61.28985507246378,0.0,0.0,True,False,False
single_axis:interest[year=3]=+6.0,Outputs!C12,output_baseline[year=2],62.0859413288525,62.0859413288525,0.0,0.0,True,False,False
single_axis:interest[year=3]=+6.0,Outputs!D12,output_baseline[year=3],63.58560174742382,63.58560174742382,0.0,0.0,True,False,False
single_axis:interest[year=3]=+6.0,Outputs!E12,output_baseline[year=4],63.39277856745969,63.39277856745969,0.0,0.0,True,False,False
single_axis:interest[year=3]=+6.0,Outputs!F12,output_baseline[year=5],62.699023874548885,62.699023874548885,0.0,0.0,True,False,False
single_axis:interest[year=3]=+6.0,Outputs!B13,output_shocked[year=1],61.28985507246378,61.28985507246378,0.0,0.0,True,False,False
single_axis:interest[year=3]=+6.0,Outputs!C13,output_shocked[year=2],62.0859413288525,62.08594132885249,7.105427357601002e-15,1.1444502902783528e-16,True,False,False
single_axis:interest[year=3]=+6.0,Outputs!D13,output_shocked[year=3],63.58560174742382,63.585601747423794,2.842170943040401e-14,4.469834152596585e-16,True,False,False
single_axis:interest[year=3]=+6.0,Outputs!E13,output_shocked[year=4],63.39277856745969,63.39277856745967,2.1316282072803006e-14,3.3625726075595807e-16,True,False,False
single_axis:interest[year=3]=+6.0,Outputs!F13,output_shocked[year=5],62.699023874548885,62.69902387454884,4.263256414560601e-14,6.799557873645246e-16,True,False,False
single_axis:interest[year=3]=+6.0,Outputs!B14,output_delta[year=1],0.0,-1.4210854715202004e-14,1.4210854715202004e-14,inf,True,False,False
single_axis:interest[year=3]=+6.0,Outputs!C14,output_delta[year=2],0.0,-2.1316282072803006e-14,2.1316282072803006e-14,inf,True,False,False
single_axis:interest[year=3]=+6.0,Outputs!D14,output_delta[year=3],0.0,-2.1316282072803006e-14,2.1316282072803006e-14,inf,True,False,False
single_axis:interest[year=3]=+6.0,Outputs!E14,output_delta[year=4],0.0,-2.842170943040401e-14,2.842170943040401e-14,inf,True,False,False
single_axis:interest[year=3]=+6.0,Outputs!F14,output_delta[year=5],0.0,-4.263256414560601e-14,4.263256414560601e-14,inf,True,False,False
single_axis:interest[year=3]=+8.0,Outputs!B12,output_baseline[year=1],61.28985507246378,61.28985507246378,0.0,0.0,True,False,False
single_axis:interest[year=3]=+8.0,Outputs!C12,output_baseline[year=2],62.0859413288525,62.0859413288525,0.0,0.0,True,False,False
single_axis:interest[year=3]=+8.0,Outputs!D12,output_baseline[year=3],64.78533008228088,64.78533008228088,0.0,0.0,True,False,False
single_axis:interest[year=3]=+8.0,Outputs!E12,output_baseline[year=4],64.59830269137403,64.59830269137403,0.0,0.0,True,False,False
single_axis:interest[year=3]=+8.0,Outputs!F12,output_baseline[year=5],63.91037178650144,63.91037178650144,0.0,0.0,True,False,False
single_axis:interest[year=3]=+8.0,Outputs!B13,output_shocked[year=1],61.28985507246378,61.28985507246378,0.0,0.0,True,False,False
single_axis:interest[year=3]=+8.0,Outputs!C13,output_shocked[year=2],62.0859413288525,62.08594132885249,7.105427357601002e-15,1.1444502902783528e-16,True,False,False
single_axis:interest[year=3]=+8.0,Outputs!D13,output_shocked[year=3],64.78533008228088,64.78533008228085,2.842170943040401e-14,4.387059446067018e-16,True,False,False
single_axis:interest[year=3]=+8.0,Outputs!E13,output_shocked[year=4],64.59830269137403,64.59830269137402,1.4210854715202004e-14,2.1998805112722589e-16,True,False,False
single_axis:interest[year=3]=+8.0,Outputs!F13,output_shocked[year=5],63.91037178650144,63.91037178650143,1.4210854715202004e-14,2.2235600134943183e-16,True,False,False
single_axis:interest[year=3]=+8.0,Outputs!B14,output_delta[year=1],0.0,-1.4210854715202004e-14,1.4210854715202004e-14,inf,True,False,False
single_axis:interest[year=3]=+8.0,Outputs!C14,output_delta[year=2],0.0,-2.1316282072803006e-14,2.1316282072803006e-14,inf,True,False,False
single_axis:interest[year=3]=+8.0,Outputs!D14,output_delta[year=3],0.0,-1.4210854715202004e-14,1.4210854715202004e-14,inf,True,False,False
single_axis:interest[year=3]=+8.0,Outputs!E14,output_delta[year=4],0.0,-1.4210854715202004e-14,1.4210854715202004e-14,inf,True,False,False
single_axis:interest[year=3]=+8.0,Outputs!F14,output_delta[year=5],0.0,-1.4210854715202004e-14,1.4210854715202004e-14,inf,True,False,False
single_axis:interest[year=5]=+0.0,Outputs!B12,output_baseline[year=1],61.28985507246378,61.28985507246378,0.0,0.0,True,False,False
single_axis:interest[year=5]=+0.0,Outputs!C12,output_baseline[year=2],62.0859413288525,62.0859413288525,0.0,0.0,True,False,False
single_axis:interest[year=5]=+0.0,Outputs!D12,output_baseline[year=3],62.38587341256677,62.38587341256677,0.0,0.0,True,False,False
single_axis:interest[year=5]=+0.0,Outputs!E12,output_baseline[year=4],62.18725444354536,62.18725444354536,0.0,0.0,True,False,False
single_axis:interest[year=5]=+0.0,Outputs!F12,output_baseline[year=5],59.084303810188764,59.084303810188764,0.0,0.0,True,False,False
single_axis:interest[year=5]=+0.0,Outputs!B13,output_shocked[year=1],61.28985507246378,61.28985507246378,0.0,0.0,True,False,False
single_axis:interest[year=5]=+0.0,Outputs!C13,output_shocked[year=2],62.0859413288525,62.08594132885249,7.105427357601002e-15,1.1444502902783528e-16,True,False,False
single_axis:interest[year=5]=+0.0,Outputs!D13,output_shocked[year=3],62.38587341256677,62.38587341256675,1.4210854715202004e-14,2.2778962508424903e-16,True,False,False
single_axis:interest[year=5]=+0.0,Outputs!E13,output_shocked[year=4],62.18725444354536,62.187254443545335,2.842170943040401e-14,4.570343181206964e-16,True,False,False
single_axis:interest[year=5]=+0.0,Outputs!F13,output_shocked[year=5],59.084303810188764,59.08430381018873,3.552713678800501e-14,6.012956825578869e-16,True,False,False
single_axis:interest[year=5]=+0.0,Outputs!B14,output_delta[year=1],0.0,-1.4210854715202004e-14,1.4210854715202004e-14,inf,True,False,False
single_axis:interest[year=5]=+0.0,Outputs!C14,output_delta[year=2],0.0,-2.1316282072803006e-14,2.1316282072803006e-14,inf,True,False,False
single_axis:interest[year=5]=+0.0,Outputs!D14,output_delta[year=3],0.0,-2.1316282072803006e-14,2.1316282072803006e-14,inf,True,False,False
single_axis:interest[year=5]=+0.0,Outputs!E14,output_delta[year=4],0.0,-3.552713678800501e-14,3.552713678800501e-14,inf,True,False,False
single_axis:interest[year=5]=+0.0,Outputs!F14,output_delta[year=5],0.0,-3.552713678800501e-14,3.552713678800501e-14,inf,True,False,False
single_axis:interest[year=5]=+2.0,Outputs!B12,output_baseline[year=1],61.28985507246378,61.28985507246378,0.0,0.0,True,False,False
single_axis:interest[year=5]=+2.0,Outputs!C12,output_baseline[year=2],62.0859413288525,62.0859413288525,0.0,0.0,True,False,False
single_axis:interest[year=5]=+2.0,Outputs!D12,output_baseline[year=3],62.38587341256677,62.38587341256677,0.0,0.0,True,False,False
single_axis:interest[year=5]=+2.0,Outputs!E12,output_baseline[year=4],62.18725444354536,62.18725444354536,0.0,0.0,True,False,False
single_axis:interest[year=5]=+2.0,Outputs!F12,output_baseline[year=5],60.28598988639254,60.28598988639254,0.0,0.0,True,False,False
single_axis:interest[year=5]=+2.0,Outputs!B13,output_shocked[year=1],61.28985507246378,61.28985507246378,0.0,0.0,True,False,False
single_axis:interest[year=5]=+2.0,Outputs!C13,output_shocked[year=2],62.0859413288525,62.08594132885249,7.105427357601002e-15,1.1444502902783528e-16,True,False,False
single_axis:interest[year=5]=+2.0,Outputs!D13,output_shocked[year=3],62.38587341256677,62.38587341256675,1.4210854715202004e-14,2.2778962508424903e-16,True,False,False
single_axis:interest[year=5]=+2.0,Outputs!E13,output_shocked[year=4],62.18725444354536,62.187254443545335,2.842170943040401e-14,4.570343181206964e-16,True,False,False
single_axis:interest[year=5]=+2.0,Outputs!F13,output_shocked[year=5],60.28598988639254,60.28598988639251,3.552713678800501e-14,5.893100014606216e-16,True,False,False
single_axis:interest[year=5]=+2.0,Outputs!B14,output_delta[year=1],0.0,-1.4210854715202004e-14,1.4210854715202004e-14,inf,True,False,False
single_axis:interest[year=5]=+2.0,Outputs!C14,output_delta[year=2],0.0,-2.1316282072803006e-14,2.1316282072803006e-14,inf,True,False,False
single_axis:interest[year=5]=+2.0,Outputs!D14,output_delta[year=3],0.0,-2.1316282072803006e-14,2.1316282072803006e-14,inf,True,False,False
single_axis:interest[year=5]=+2.0,Outputs!E14,output_delta[year=4],0.0,-3.552713678800501e-14,3.552713678800501e-14,inf,True,False,False
single_axis:interest[year=5]=+2.0,Outputs!F14,output_delta[year=5],0.0,-4.263256414560601e-14,4.263256414560601e-14,inf,True,False,False
single_axis:interest[year=5]=+4.0,Outputs!B12,output_baseline[year=1],61.28985507246378,61.28985507246378,0.0,0.0,True,False,False
single_axis:interest[year=5]=+4.0,Outputs!C12,output_baseline[year=2],62.0859413288525,62.0859413288525,0.0,0.0,True,False,False
single_axis:interest[year=5]=+4.0,Outputs!D12,output_baseline[year=3],62.38587341256677,62.38587341256677,0.0,0.0,True,False,False
single_axis:interest[year=5]=+4.0,Outputs!E12,output_baseline[year=4],62.18725444354536,62.18725444354536,0.0,0.0,True,False,False
single_axis:interest[year=5]=+4.0,Outputs!F12,output_baseline[year=5],61.487675962596306,61.487675962596306,0.0,0.0,True,False,False
single_axis:interest[year=5]=+4.0,Outputs!B13,output_shocked[year=1],61.28985507246378,61.28985507246378,0.0,0.0,True,False,False
single_axis:interest[year=5]=+4.0,Outputs!C13,output_shocked[year=2],62.0859413288525,62.08594132885249,7.105427357601002e-15,1.1444502902783528e-16,True,False,False
single_axis:interest[year=5]=+4.0,Outputs!D13,output_shocked[year=3],62.38587341256677,62.38587341256675,1.4210854715202004e-14,2.2778962508424903e-16,True,False,False
single_axis:interest[year=5]=+4.0,Outputs!E13,output_shocked[year=4],62.18725444354536,62.187254443545335,2.842170943040401e-14,4.570343181206964e-16,True,False,False
single_axis:interest[year=5]=+4.0,Outputs!F13,output_shocked[year=5],61.487675962596306,61.487675962596285,2.1316282072803006e-14,3.4667568320145904e-16,True,False,False
single_axis:interest[year=5]=+4.0,Outputs!B14,output_delta[year=1],0.0,-1.4210854715202004e-14,1.4210854715202004e-14,inf,True,False,False
single_axis:interest[year=5]=+4.0,Outputs!C14,output_delta[year=2],0.0,-2.1316282072803006e-14,2.1316282072803006e-14,inf,True,False,False
single_axis:interest[year=5]=+4.0,Outputs!D14,output_delta[year=3],0.0,-2.1316282072803006e-14,2.1316282072803006e-14,inf,True,False,False
single_axis:interest[year=5]=+4.0,Outputs!E14,output_delta[year=4],0.0,-3.552713678800501e-14,3.552713678800501e-14,inf,True,False,False
single_axis:interest[year=5]=+4.0,Outputs!F14,output_delta[year=5],0.0,-3.552713678800501e-14,3.552713678800501e-14,inf,True,False,False
single_axis:interest[year=5]=+6.0,Outputs!B12,output_baseline[year=1],61.28985507246378,61.28985507246378,0.0,0.0,True,False,False
single_axis:interest[year=5]=+6.0,Outputs!C12,output_baseline[year=2],62.0859413288525,62.0859413288525,0.0,0.0,True,False,False
single_axis:interest[year=5]=+6.0,Outputs!D12,output_baseline[year=3],62.38587341256677,62.38587341256677,0.0,0.0,True,False,False
single_axis:interest[year=5]=+6.0,Outputs!E12,output_baseline[year=4],62.18725444354536,62.18725444354536,0.0,0.0,True,False,False
single_axis:interest[year=5]=+6.0,Outputs!F12,output_baseline[year=5],62.689362038800084,62.689362038800084,0.0,0.0,True,False,False
single_axis:interest[year=5]=+6.0,Outputs!B13,output_shocked[year=1],61.28985507246378,61.28985507246378,0.0,0.0,True,False,False
single_axis:interest[year=5]=+6.0,Outputs!C13,output_shocked[year=2],62.0859413288525,62.08594132885249,7.105427357601002e-15,1.1444502902783528e-16,True,False,False
single_axis:interest[year=5]=+6.0,Outputs!D13,output_shocked[year=3],62.38587341256677,62.38587341256675,1.4210854715202004e-14,2.2778962508424903e-16,True,False,False
single_axis:interest[year=5]=+6.0,Outputs!E13,output_shocked[year=4],62.18725444354536,62.187254443545335,2.842170943040401e-14,4.570343181206964e-16,True,False,False
single_axis:interest[year=5]=+6.0,Outputs!F13,output_shocked[year=5],62.689362038800084,62.689362038800056,2.842170943040401e-14,4.533737225274851e-16,True,False,False
single_axis:interest[year=5]=+6.0,Outputs!B14,output_delta[year=1],0.0,-1.4210854715202004e-14,1.4210854715202004e-14,inf,True,False,False
single_axis:interest[year=5]=+6.0,Outputs!C14,output_delta[year=2],0.0,-2.1316282072803006e-14,2.1316282072803006e-14,inf,True,False,False
single_axis:interest[year=5]=+6.0,Outputs!D14,output_delta[year=3],0.0,-2.1316282072803006e-14,2.1316282072803006e-14,inf,True,False,False
single_axis:interest[year=5]=+6.0,Outputs!E14,output_delta[year=4],0.0,-3.552713678800501e-14,3.552713678800501e-14,inf,True,False,False
single_axis:interest[year=5]=+6.0,Outputs!F14,output_delta[year=5],0.0,-2.842170943040401e-14,2.842170943040401e-14,inf,True,False,False
single_axis:interest[year=5]=+8.0,Outputs!B12,output_baseline[year=1],61.28985507246378,61.28985507246378,0.0,0.0,True,False,False
single_axis:interest[year=5]=+8.0,Outputs!C12,output_baseline[year=2],62.0859413288525,62.0859413288525,0.0,0.0,True,False,False
single_axis:interest[year=5]=+8.0,Outputs!D12,output_baseline[year=3],62.38587341256677,62.38587341256677,0.0,0.0,True,False,False
single_axis:interest[year=5]=+8.0,Outputs!E12,output_baseline[year=4],62.18725444354536,62.18725444354536,0.0,0.0,True,False,False
single_axis:interest[year=5]=+8.0,Outputs!F12,output_baseline[year=5],63.89104811500387,63.89104811500387,0.0,0.0,True,False,False
single_axis:interest[year=5]=+8.0,Outputs!B13,output_shocked[year=1],61.28985507246378,61.28985507246378,0.0,0.0,True,False,False
single_axis:interest[year=5]=+8.0,Outputs!C13,output_shocked[year=2],62.0859413288525,62.08594132885249,7.105427357601002e-15,1.1444502902783528e-16,True,False,False
single_axis:interest[year=5]=+8.0,Outputs!D13,output_shocked[year=3],62.38587341256677,62.38587341256675,1.4210854715202004e-14,2.2778962508424903e-16,True,False,False
single_axis:interest[year=5]=+8.0,Outputs!E13,output_shocked[year=4],62.18725444354536,62.187254443545335,2.842170943040401e-14,4.570343181206964e-16,True,False,False
single_axis:interest[year=5]=+8.0,Outputs!F13,output_shocked[year=5],63.89104811500387,63.89104811500384,2.842170943040401e-14,4.448465046190029e-16,True,False,False
single_axis:interest[year=5]=+8.0,Outputs!B14,output_delta[year=1],0.0,-1.4210854715202004e-14,1.4210854715202004e-14,inf,True,False,False
single_axis:interest[year=5]=+8.0,Outputs!C14,output_delta[year=2],0.0,-2.1316282072803006e-14,2.1316282072803006e-14,inf,True,False,False
single_axis:interest[year=5]=+8.0,Outputs!D14,output_delta[year=3],0.0,-2.1316282072803006e-14,2.1316282072803006e-14,inf,True,False,False
single_axis:interest[year=5]=+8.0,Outputs!E14,output_delta[year=4],0.0,-3.552713678800501e-14,3.552713678800501e-14,inf,True,False,False
single_axis:interest[year=5]=+8.0,Outputs!F14,output_delta[year=5],0.0,-4.263256414560601e-14,4.263256414560601e-14,inf,True,False,False
single_axis:primary_balance[year=1]=-3.0,Outputs!B12,output_baseline[year=1],63.28985507246378,63.28985507246378,0.0,0.0,True,False,False
single_axis:primary_balance[year=1]=-3.0,Outputs!C12,output_baseline[year=2],64.0956031646013,64.0956031646013,0.0,0.0,True,False,False
single_axis:primary_balance[year=1]=-3.0,Outputs!D12,output_baseline[year=3],64.40524375959937,64.40524375959937,0.0,0.0,True,False,False
single_axis:primary_balance[year=1]=-3.0,Outputs!E12,output_baseline[year=4],64.21638020288248,64.21638020288248,0.0,0.0,True,False,False
single_axis:primary_balance[year=1]=-3.0,Outputs!F12,output_baseline[year=5],63.52660426183361,63.52660426183361,0.0,0.0,True,False,False
single_axis:primary_balance[year=1]=-3.0,Outputs!B13,output_shocked[year=1],63.28985507246378,63.28985507246378,0.0,0.0,True,False,False
single_axis:primary_balance[year=1]=-3.0,Outputs!C13,output_shocked[year=2],64.0956031646013,64.09560316460127,2.842170943040401e-14,4.434268191129332e-16,True,False,False
single_axis:primary_balance[year=1]=-3.0,Outputs!D13,output_shocked[year=3],64.40524375959937,64.40524375959936,1.4210854715202004e-14,2.2064747970282974e-16,True,False,False
single_axis:primary_balance[year=1]=-3.0,Outputs!E13,output_shocked[year=4],64.21638020288248,64.21638020288245,2.842170943040401e-14,4.4259282975168763e-16,True,False,False
single_axis:primary_balance[year=1]=-3.0,Outputs!F13,output_shocked[year=5],63.52660426183361,63.52660426183357,4.263256414560601e-14,6.710977966001465e-16,True,False,False
single_axis:primary_balance[year=1]=-3.0,Outputs!B14,output_delta[year=1],0.0,-1.4210854715202004e-14,1.4210854715202004e-14,inf,True,False,False
single_axis:primary_balance[year=1]=-3.0,Outputs!C14,output_delta[year=2],0.0,-2.842170943040401e-14,2.842170943040401e-14,inf,True,False,False
single_axis:primary_balance[year=1]=-3.0,Outputs!D14,output_delta[year=3],0.0,-2.842170943040401e-14,2.842170943040401e-14,inf,True,False,False
single_axis:primary_balance[year=1]=-3.0,Outputs!E14,output_delta[year=4],0.0,-4.263256414560601e-14,4.263256414560601e-14,inf,True,False,False
single_axis:primary_balance[year=1]=-3.0,Outputs!F14,output_delta[year=5],0.0,-5.684341886080802e-14,5.684341886080802e-14,inf,True,False,False
single_axis:primary_balance[year=1]=-1.5,Outputs!B12,output_baseline[year=1],61.78985507246378,61.78985507246378,0.0,0.0,True,False,False
single_axis:primary_balance[year=1]=-1.5,Outputs!C12,output_baseline[year=2],62.58835678778971,62.58835678778971,0.0,0.0,True,False,False
single_axis:primary_balance[year=1]=-1.5,Outputs!D12,output_baseline[year=3],62.89071599932494,62.89071599932494,0.0,0.0,True,False,False
single_axis:primary_balance[year=1]=-1.5,Outputs!E12,output_baseline[year=4],62.69453588337966,62.69453588337966,0.0,0.0,True,False,False
single_axis:primary_balance[year=1]=-1.5,Outputs!F12,output_baseline[year=5],61.997408037405656,61.997408037405656,0.0,0.0,True,False,False
single_axis:primary_balance[year=1]=-1.5,Outputs!B13,output_shocked[year=1],61.78985507246378,61.78985507246378,0.0,0.0,True,False,False
single_axis:primary_balance[year=1]=-1.5,Outputs!C13,output_shocked[year=2],62.58835678778971,62.58835678778969,1.4210854715202004e-14,2.2705268910294166e-16,True,False,False
single_axis:primary_balance[year=1]=-1.5,Outputs!D13,output_shocked[year=3],62.89071599932494,62.8907159993249,4.263256414560601e-14,6.778832689083016e-16,True,False,False
single_axis:primary_balance[year=1]=-1.5,Outputs!E13,output_shocked[year=4],62.69453588337966,62.694535883379615,4.263256414560601e-14,6.800044620301259e-16,True,False,False
single_axis:primary_balance[year=1]=-1.5,Outputs!F13,output_shocked[year=5],61.997408037405656,61.9974080374056,5.684341886080802e-14,9.16867666895235e-16,True,False,False
single_axis:primary_balance[year=1]=-1.5,Outputs!B14,output_delta[year=1],0.0,-1.4210854715202004e-14,1.4210854715202004e-14,inf,True,False,False
single_axis:primary_balance[year=1]=-1.5,Outputs!C14,output_delta[year=2],0.0,-2.842170943040401e-14,2.842170943040401e-14,inf,True,False,False
single_axis:primary_balance[year=1]=-1.5,Outputs!D14,output_delta[year=3],0.0,-4.263256414560601e-14,4.263256414560601e-14,inf,True,False,False
single_axis:primary_balance[year=1]=-1.5,Outputs!E14,output_delta[year=4],0.0,-4.973799150320701e-14,4.973799150320701e-14,inf,True,False,False
single_axis:primary_balance[year=1]=-1.5,Outputs!F14,output_delta[year=5],0.0,-5.684341886080802e-14,5.684341886080802e-14,inf,True,False,False
single_axis:primary_balance[year=1]=+0.0,Outputs!B12,output_baseline[year=1],60.28985507246378,60.28985507246378,0.0,0.0,True,False,False
single_axis:primary_balance[year=1]=+0.0,Outputs!C12,output_baseline[year=2],61.081110410978106,61.081110410978106,0.0,0.0,True,False,False
single_axis:primary_balance[year=1]=+0.0,Outputs!D12,output_baseline[year=3],61.37618823905047,61.37618823905047,0.0,0.0,True,False,False
single_axis:primary_balance[year=1]=+0.0,Outputs!E12,output_baseline[year=4],61.17269156387681,61.17269156387681,0.0,0.0,True,False,False
single_axis:primary_balance[year=1]=+0.0,Outputs!F12,output_baseline[year=5],60.46821181297767,60.46821181297767,0.0,0.0,True,False,False
single_axis:primary_balance[year=1]=+0.0,Outputs!B13,output_shocked[year=1],60.28985507246378,60.28985507246378,0.0,0.0,True,False,False
single_axis:primary_balance[year=1]=+0.0,Outputs!C13,output_shocked[year=2],61.081110410978106,61.08111041097809,1.4210854715202004e-14,2.326554743288997e-16,True,False,False
single_axis:primary_balance[year=1]=+0.0,Outputs!D13,output_shocked[year=3],61.37618823905047,61.37618823905045,2.1316282072803006e-14,3.4730540759193913e-16,True,False,False
single_axis:primary_balance[year=1]=+0.0,Outputs!E13,output_shocked[year=4],61.17269156387681,61.17269156387678,2.842170943040401e-14,4.646143353153903e-16,True,False,False
single_axis:primary_balance[year=1]=+0.0,Outputs!F13,output_shocked[year=5],60.46821181297767,60.468211812977636,3.552713678800501e-14,5.875341063150173e-16,True,False,False
single_axis:primary_balance[year=1]=+0.0,Outputs!B14,output_delta[year=1],0.0,-1.4210854715202004e-14,1.4210854715202004e-14,inf,True,False,False
single_axis:primary_balance[year=1]=+0.0,Outputs!C14,output_delta[year=2],0.0,-2.1316282072803006e-14,2.1316282072803006e-14,inf,True,False,False
single_axis:primary_balance[year=1]=+0.0,Outputs!D14,output_delta[year=3],0.0,-2.842170943040401e-14,2.842170943040401e-14,inf,True,False,False
single_axis:primary_balance[year=1]=+0.0,Outputs!E14,output_delta[year=4],0.0,-3.552713678800501e-14,3.552713678800501e-14,inf,True,False,False
single_axis:primary_balance[year=1]=+0.0,Outputs!F14,output_delta[year=5],0.0,-4.263256414560601e-14,4.263256414560601e-14,inf,True,False,False
single_axis:primary_balance[year=1]=+1.5,Outputs!B12,output_baseline[year=1],58.78985507246378,58.78985507246378,0.0,0.0,True,False,False
single_axis:primary_balance[year=1]=+1.5,Outputs!C12,output_baseline[year=2],59.57386403416651,59.57386403416651,0.0,0.0,True,False,False
single_axis:primary_balance[year=1]=+1.5,Outputs!D12,output_baseline[year=3],59.86166047877602,59.86166047877602,0.0,0.0,True,False,False
single_axis:primary_balance[year=1]=+1.5,Outputs!E12,output_baseline[year=4],59.65084724437398,59.65084724437398,0.0,0.0,True,False,False
single_axis:primary_balance[year=1]=+1.5,Outputs!F12,output_baseline[year=5],58.93901558854971,58.93901558854971,0.0,0.0,True,False,False
single_axis:primary_balance[year=1]=+1.5,Outputs!B13,output_shocked[year=1],58.78985507246378,58.78985507246378,0.0,0.0,True,False,False
single_axis:primary_balance[year=1]=+1.5,Outputs!C13,output_shocked[year=2],59.57386403416651,59.5738640341665,1.4210854715202004e-14,2.3854176568187456e-16,True,False,False
single_axis:primary_balance[year=1]=+1.5,Outputs!D13,output_shocked[year=3],59.86166047877602,59.861660478775995,2.1316282072803006e-14,3.560923954049137e-16,True,False,False
single_axis:primary_balance[year=1]=+1.5,Outputs!E13,output_shocked[year=4],59.65084724437398,59.65084724437395,2.842170943040401e-14,4.764678247396499e-16,True,False,False
single_axis:primary_balance[year=1]=+1.5,Outputs!F13,output_shocked[year=5],58.93901558854971,58.939015588549665,4.263256414560601e-14,7.233334951371056e-16,True,False,False
single_axis:primary_balance[year=1]=+1.5,Outputs!B14,output_delta[year=1],0.0,-1.4210854715202004e-14,1.4210854715202004e-14,inf,True,False,False
single_axis:primary_balance[year=1]=+1.5,Outputs!C14,output_delta[year=2],0.0,-2.1316282072803006e-14,2.1316282072803006e-14,inf,True,False,False
single_axis:primary_balance[year=1]=+1.5,Outputs!D14,output_delta[year=3],0.0,-2.842170943040401e-14,2.842170943040401e-14,inf,True,False,False
single_axis:primary_balance[year=1]=+1.5,Outputs!E14,output_delta[year=4],0.0,-3.552713678800501e-14,3.552713678800501e-14,inf,True,False,False
single_axis:primary_balance[year=1]=+1.5,Outputs!F14,output_delta[year=5],0.0,-4.263256414560601e-14,4.263256414560601e-14,inf,True,False,False
single_axis:primary_balance[year=1]=+3.0,Outputs!B12,output_baseline[year=1],57.28985507246378,57.28985507246378,0.0,0.0,True,False,False
single_axis:primary_balance[year=1]=+3.0,Outputs!C12,output_baseline[year=2],58.06661765735491,58.06661765735491,0.0,0.0,True,False,False
single_axis:primary_balance[year=1]=+3.0,Outputs!D12,output_baseline[year=3],58.347132718501555,58.347132718501555,0.0,0.0,True,False,False
single_axis:primary_balance[year=1]=+3.0,Outputs!E12,output_baseline[year=4],58.12900292487114,58.12900292487114,0.0,0.0,True,False,False
single_axis:primary_balance[year=1]=+3.0,Outputs!F12,output_baseline[year=5],57.409819364121724,57.409819364121724,0.0,0.0,True,False,False
single_axis:primary_balance[year=1]=+3.0,Outputs!B13,output_shocked[year=1],57.28985507246378,57.28985507246378,0.0,0.0,True,False,False
single_axis:primary_balance[year=1]=+3.0,Outputs!C13,output_shocked[year=2],58.06661765735491,58.0666176573549,1.4210854715202004e-14,2.447336402312734e-16,True,False,False
single_axis:primary_balance[year=1]=+3.0,Outputs!D13,output_shocked[year=3],58.347132718501555,58.34713271850155,7.105427357601002e-15,1.2177851809584999e-16,True,False,False
single_axis:primary_balance[year=1]=+3.0,Outputs!E13,output_shocked[year=4],58.12900292487114,58.12900292487112,1.4210854715202004e-14,2.444709869455155e-16,True,False,False
single_axis:primary_balance[year=1]=+3.0,Outputs!F13,output_shocked[year=5],57.409819364121724,57.4098193641217,2.1316282072803006e-14,3.7130028118716953e-16,True,False,False
single_axis:primary_balance[year=1]=+3.0,Outputs!B14,output_delta[year=1],0.0,-1.4210854715202004e-14,1.4210854715202004e-14,inf,True,False,False
single_axis:primary_balance[year=1]=+3.0,Outputs!C14,output_delta[year=2],0.0,-1.4210854715202004e-14,1.4210854715202004e-14,inf,True,False,False
single_axis:primary_balance[year=1]=+3.0,Outputs!D14,output_delta[year=3],0.0,-1.4210854715202004e-14,1.4210854715202004e-14,inf,True,False,False
single_axis:primary_balance[year=1]=+3.0,Outputs!E14,output_delta[year=4],0.0,-2.1316282072803006e-14,2.1316282072803006e-14,inf,True,False,False
single_axis:primary_balance[year=1]=+3.0,Outputs!F14,output_delta[year=5],0.0,-2.1316282072803006e-14,2.1316282072803006e-14,inf,True,False,False
single_axis:primary_balance[year=3]=-3.0,Outputs!B12,output_baseline[year=1],61.28985507246378,61.28985507246378,0.0,0.0,True,False,False
single_axis:primary_balance[year=3]=-3.0,Outputs!C12,output_baseline[year=2],62.0859413288525,62.0859413288525,0.0,0.0,True,False,False
single_axis:primary_balance[year=3]=-3.0,Outputs!D12,output_baseline[year=3],65.38587341256677,65.38587341256677,0.0,0.0,True,False,False
single_axis:primary_balance[year=3]=-3.0,Outputs!E12,output_baseline[year=4],65.20174719716854,65.20174719716854,0.0,0.0,True,False,False
single_axis:primary_balance[year=3]=-3.0,Outputs!F12,output_baseline[year=5],64.51673148314521,64.51673148314521,0.0,0.0,True,False,False
single_axis:primary_balance[year=3]=-3.0,Outputs!B13,output_shocked[year=1],61.28985507246378,61.28985507246378,0.0,0.0,True,False,False
single_axis:primary_balance[year=3]=-3.0,Outputs!C13,output_shocked[year=2],62.0859413288525,62.08594132885249,7.105427357601002e-15,1.1444502902783528e-16,True,False,False
single_axis:primary_balance[year=3]=-3.0,Outputs!D13,output_shocked[year=3],65.38587341256677,65.38587341256675,1.4210854715202004e-14,2.1733830219771544e-16,True,False,False
single_axis:primary_balance[year=3]=-3.0,Outputs!E13,output_shocked[year=4],65.20174719716854,65.20174719716853,1.4210854715202004e-14,2.1795205383421267e-16,True,False,False
single_axis:primary_balance[year=3]=-3.0,Outputs!F13,output_shocked[year=5],64.51673148314521,64.5167314831452,1.4210854715202004e-14,2.2026619124241508e-16,True,False,False
single_axis:primary_balance[year=3]=-3.0,Outputs!B14,output_delta[year=1],0.0,-1.4210854715202004e-14,1.4210854715202004e-14,inf,True,False,False
single_axis:primary_balance[year=3]=-3.0,Outputs!C14,output_delta[year=2],0.0,-2.1316282072803006e-14,2.1316282072803006e-14,inf,True,False,False
single_axis:primary_balance[year=3]=-3.0,Outputs!D14,output_delta[year=3],0.0,-1.4210854715202004e-14,1.4210854715202004e-14,inf,True,False,False
single_axis:primary_balance[year=3]=-3.0,Outputs!E14,output_delta[year=4],0.0,-1.4210854715202004e-14,1.4210854715202004e-14,inf,True,False,False
single_axis:primary_balance[year=3]=-3.0,Outputs!F14,output_delta[year=5],0.0,-1.4210854715202004e-14,1.4210854715202004e-14,inf,True,False,False
single_axis:primary_balance[year=3]=-1.5,Outputs!B12,output_baseline[year=1],61.28985507246378,61.28985507246378,0.0,0.0,True,False,False
single_axis:primary_balance[year=3]=-1.5,Outputs!C12,output_baseline[year=2],62.0859413288525,62.0859413288525,0.0,0.0,True,False,False
single_axis:primary_balance[year=3]=-1.5,Outputs!D12,output_baseline[year=3],63.88587341256677,63.88587341256677,0.0,0.0,True,False,False
single_axis:primary_balance[year=3]=-1.5,Outputs!E12,output_baseline[year=4],63.69450082035695,63.69450082035695,0.0,0.0,True,False,False
single_axis:primary_balance[year=3]=-1.5,Outputs!F12,output_baseline[year=5],63.002203722870746,63.002203722870746,0.0,0.0,True,False,False
single_axis:primary_balance[year=3]=-1.5,Outputs!B13,output_shocked[year=1],61.28985507246378,61.28985507246378,0.0,0.0,True,False,False
single_axis:primary_balance[year=3]=-1.5,Outputs!C13,output_shocked[year=2],62.0859413288525,62.08594132885249,7.105427357601002e-15,1.1444502902783528e-16,True,False,False
single_axis:primary_balance[year=3]=-1.5,Outputs!D13,output_shocked[year=3],63.88587341256677,63.88587341256675,1.4210854715202004e-14,2.2244126840733834e-16,True,False,False
single_axis:primary_balance[year=3]=-1.5,Outputs!E13,output_shocked[year=4],63.69450082035695,63.694500820356936,1.4210854715202004e-14,2.2310960180506153e-16,True,False,False
single_axis:primary_balance[year=3]=-1.5,Outputs!F13,output_shocked[year=5],63.002203722870746,63.00220372287073,1.4210854715202004e-14,2.255612323929433e-16,True,False,False
single_axis:primary_balance[year=3]=-1.5,Outputs!B14,output_delta[year=1],0.0,-1.4210854715202004e-14,1.4210854715202004e-14,inf,True,False,False
single_axis:primary_balance[year=3]=-1.5,Outputs!C14,output_delta[year=2],0.0,-2.1316282072803006e-14,2.1316282072803006e-14,inf,True,False,False
single_axis:primary_balance[year=3]=-1.5,Outputs!D14,output_delta[year=3],0.0,-2.1316282072803006e-14,2.1316282072803006e-14,inf,True,False,False
single_axis:primary_balance[year=3]=-1.5,Outputs!E14,output_delta[year=4],0.0,-2.842170943040401e-14,2.842170943040401e-14,inf,True,False,False
single_axis:primary_balance[year=3]=-1.5,Outputs!F14,output_delta[year=5],0.0,-2.842170943040401e-14,2.842170943040401e-14,inf,True,False,False
single_axis:primary_balance[year=3]=+0.0,Outputs!B12,output_baseline[year=1],61.28985507246378,61.28985507246378,0.0,0.0,True,False,False
single_axis:primary_balance[year=3]=+0.0,Outputs!C12,output_baseline[year=2],62.0859413288525,62.0859413288525,0.0,0.0,True,False,False
single_axis:primary_balance[year=3]=+0.0,Outputs!D12,output_baseline[year=3],62.38587341256677,62.38587341256677,0.0,0.0,True,False,False
single_axis:primary_balance[year=3]=+0.0,Outputs!E12,output_baseline[year=4],62.18725444354536,62.18725444354536,0.0,0.0,True,False,False
single_axis:primary_balance[year=3]=+0.0,Outputs!F12,output_baseline[year=5],61.487675962596306,61.487675962596306,0.0,0.0,True,False,False
single_axis:primary_balance[year=3]=+0.0,Outputs!B13,output_shocked[year=1],61.28985507246378,61.28985507246378,0.0,0.0,True,False,False
single_axis:primary_balance[year=3]=+0.0,Outputs!C13,output_shocked[year=2],62.0859413288525,62.08594132885249,7.105427357601002e-15,1.1444502902783528e-16,True,False,False
single_axis:primary_balance[year=3]=+0.0,Outputs!D13,output_shocked[year=3],62.38587341256677,62.38587341256675,1.4210854715202004e-14,2.2778962508424903e-16,True,False,False
single_axis:primary_balance[year=3]=+0.0,Outputs!E13,output_shocked[year=4],62.18725444354536,62.187254443545335,2.842170943040401e-14,4.570343181206964e-16,True,False,False
single_axis:primary_balance[year=3]=+0.0,Outputs!F13,output_shocked[year=5],61.487675962596306,61.487675962596285,2.1316282072803006e-14,3.4667568320145904e-16,True,False,False
single_axis:primary_balance[year=3]=+0.0,Outputs!B14,output_delta[year=1],0.0,-1.4210854715202004e-14,1.4210854715202004e-14,inf,True,False,False
single_axis:primary_balance[year=3]=+0.0,Outputs!C14,output_delta[year=2],0.0,-2.1316282072803006e-14,2.1316282072803006e-14,inf,True,False,False
single_axis:primary_balance[year=3]=+0.0,Outputs!D14,output_delta[year=3],0.0,-2.1316282072803006e-14,2.1316282072803006e-14,inf,True,False,False
single_axis:primary_balance[year=3]=+0.0,Outputs!E14,output_delta[year=4],0.0,-3.552713678800501e-14,3.552713678800501e-14,inf,True,False,False
single_axis:primary_balance[year=3]=+0.0,Outputs!F14,output_delta[year=5],0.0,-3.552713678800501e-14,3.552713678800501e-14,inf,True,False,False
single_axis:primary_balance[year=3]=+1.5,Outputs!B12,output_baseline[year=1],61.28985507246378,61.28985507246378,0.0,0.0,True,False,False
single_axis:primary_balance[year=3]=+1.5,Outputs!C12,output_baseline[year=2],62.0859413288525,62.0859413288525,0.0,0.0,True,False,False
single_axis:primary_balance[year=3]=+1.5,Outputs!D12,output_baseline[year=3],60.88587341256677,60.88587341256677,0.0,0.0,True,False,False
single_axis:primary_balance[year=3]=+1.5,Outputs!E12,output_baseline[year=4],60.68000806673376,60.68000806673376,0.0,0.0,True,False,False
single_axis:primary_balance[year=3]=+1.5,Outputs!F12,output_baseline[year=5],59.97314820232185,59.97314820232185,0.0,0.0,True,False,False
single_axis:primary_balance[year=3]=+1.5,Outputs!B13,output_shocked[year=1],61.28985507246378,61.28985507246378,0.0,0.0,True,False,False
single_axis:primary_balance[year=3]=+1.5,Outputs!C13,output_shocked[year=2],62.0859413288525,62.08594132885249,7.105427357601002e-15,1.1444502902783528e-16,True,False,False
single_axis:primary_balance[year=3]=+1.5,Outputs!D13,output_shocked[year=3],60.88587341256677,60.88587341256675,1.4210854715202004e-14,2.334015087359969e-16,True,False,False
single_axis:primary_balance[year=3]=+1.5,Outputs!E13,output_shocked[year=4],60.68000806673376,60.68000806673374,2.1316282072803006e-14,3.5129003360316136e-16,True,False,False
single_axis:primary_balance[year=3]=+1.5,Outputs!F13,output_shocked[year=5],59.97314820232185,59.97314820232182,2.842170943040401e-14,4.739072448643552e-16,True,False,False
single_axis:primary_balance[year=3]=+1.5,Outputs!B14,output_delta[year=1],0.0,-1.4210854715202004e-14,1.4210854715202004e-14,inf,True,False,False
single_axis:primary_balance[year=3]=+1.5,Outputs!C14,output_delta[year=2],0.0,-2.1316282072803006e-14,2.1316282072803006e-14,inf,True,False,False
single_axis:primary_balance[year=3]=+1.5,Outputs!D14,output_delta[year=3],0.0,-2.1316282072803006e-14,2.1316282072803006e-14,inf,True,False,False
single_axis:primary_balance[year=3]=+1.5,Outputs!E14,output_delta[year=4],0.0,-2.842170943040401e-14,2.842170943040401e-14,inf,True,False,False
single_axis:primary_balance[year=3]=+1.5,Outputs!F14,output_delta[year=5],0.0,-2.842170943040401e-14,2.842170943040401e-14,inf,True,False,False
single_axis:primary_balance[year=3]=+3.0,Outputs!B12,output_baseline[year=1],61.28985507246378,61.28985507246378,0.0,0.0,True,False,False
single_axis:primary_balance[year=3]=+3.0,Outputs!C12,output_baseline[year=2],62.0859413288525,62.0859413288525,0.0,0.0,True,False,False
single_axis:primary_balance[year=3]=+3.0,Outputs!D12,output_baseline[year=3],59.38587341256677,59.38587341256677,0.0,0.0,True,False,False
single_axis:primary_balance[year=3]=+3.0,Outputs!E12,output_baseline[year=4],59.17276168992217,59.17276168992217,0.0,0.0,True,False,False
single_axis:primary_balance[year=3]=+3.0,Outputs!F12,output_baseline[year=5],58.458620442047405,58.458620442047405,0.0,0.0,True,False,False
single_axis:primary_balance[year=3]=+3.0,Outputs!B13,output_shocked[year=1],61.28985507246378,61.28985507246378,0.0,0.0,True,False,False
single_axis:primary_balance[year=3]=+3.0,Outputs!C13,output_shocked[year=2],62.0859413288525,62.08594132885249,7.105427357601002e-15,1.1444502902783528e-16,True,False,False
single_axis:primary_balance[year=3]=+3.0,Outputs!D13,output_shocked[year=3],59.38587341256677,59.38587341256675,1.4210854715202004e-14,2.3929688827637613e-16,True,False,False
single_axis:primary_balance[year=3]=+3.0,Outputs!E13,output_shocked[year=4],59.17276168992217,59.17276168992215,2.1316282072803006e-14,3.6023808022523686e-16,True,False,False
single_axis:primary_balance[year=3]=+3.0,Outputs!F13,output_shocked[year=5],58.458620442047405,58.458620442047376,2.842170943040401e-14,4.861850863993565e-16,True,False,False
single_axis:primary_balance[year=3]=+3.0,Outputs!B14,output_delta[year=1],0.0,-1.4210854715202004e-14,1.4210854715202004e-14,inf,True,False,False
single_axis:primary_balance[year=3]=+3.0,Outputs!C14,output_delta[year=2],0.0,-2.1316282072803006e-14,2.1316282072803006e-14,inf,True,False,False
single_axis:primary_balance[year=3]=+3.0,Outputs!D14,output_delta[year=3],0.0,-2.1316282072803006e-14,2.1316282072803006e-14,inf,True,False,False
single_axis:primary_balance[year=3]=+3.0,Outputs!E14,output_delta[year=4],0.0,-2.842170943040401e-14,2.842170943040401e-14,inf,True,False,False
single_axis:primary_balance[year=3]=+3.0,Outputs!F14,output_delta[year=5],0.0,-3.552713678800501e-14,3.552713678800501e-14,inf,True,False,False
single_axis:primary_balance[year=5]=-3.0,Outputs!B12,output_baseline[year=1],61.28985507246378,61.28985507246378,0.0,0.0,True,False,False
single_axis:primary_balance[year=5]=-3.0,Outputs!C12,output_baseline[year=2],62.0859413288525,62.0859413288525,0.0,0.0,True,False,False
single_axis:primary_balance[year=5]=-3.0,Outputs!D12,output_baseline[year=3],62.38587341256677,62.38587341256677,0.0,0.0,True,False,False
single_axis:primary_balance[year=5]=-3.0,Outputs!E12,output_baseline[year=4],62.18725444354536,62.18725444354536,0.0,0.0,True,False,False
single_axis:primary_balance[year=5]=-3.0,Outputs!F12,output_baseline[year=5],65.48767596259631,65.48767596259631,0.0,0.0,True,False,False
single_axis:primary_balance[year=5]=-3.0,Outputs!B13,output_shocked[year=1],61.28985507246378,61.28985507246378,0.0,0.0,True,False,False
single_axis:primary_balance[year=5]=-3.0,Outputs!C13,output_shocked[year=2],62.0859413288525,62.08594132885249,7.105427357601002e-15,1.1444502902783528e-16,True,False,False
single_axis:primary_balance[year=5]=-3.0,Outputs!D13,output_shocked[year=3],62.38587341256677,62.38587341256675,1.4210854715202004e-14,2.2778962508424903e-16,True,False,False
single_axis:primary_balance[year=5]=-3.0,Outputs!E13,output_shocked[year=4],62.18725444354536,62.187254443545335,2.842170943040401e-14,4.570343181206964e-16,True,False,False
single_axis:primary_balance[year=5]=-3.0,Outputs!F13,output_shocked[year=5],65.48767596259631,65.48767596259628,2.842170943040401e-14,4.3400088661929674e-16,True,False,False
single_axis:primary_balance[year=5]=-3.0,Outputs!B14,output_delta[year=1],0.0,-1.4210854715202004e-14,1.4210854715202004e-14,inf,True,False,False
single_axis:primary_balance[year=5]=-3.0,Outputs!C14,output_delta[year=2],0.0,-2.1316282072803006e-14,2.1316282072803006e-14,inf,True,False,False
single_axis:primary_balance[year=5]=-3.0,Outputs!D14,output_delta[year=3],0.0,-2.1316282072803006e-14,2.1316282072803006e-14,inf,True,False,False
single_axis:primary_balance[year=5]=-3.0,Outputs!E14,output_delta[year=4],0.0,-3.552713678800501e-14,3.552713678800501e-14,inf,True,False,False
single_axis:primary_balance[year=5]=-3.0,Outputs!F14,output_delta[year=5],0.0,-4.263256414560601e-14,4.263256414560601e-14,inf,True,False,False
single_axis:primary_balance[year=5]=-1.5,Outputs!B12,output_baseline[year=1],61.28985507246378,61.28985507246378,0.0,0.0,True,False,False
single_axis:primary_balance[year=5]=-1.5,Outputs!C12,output_baseline[year=2],62.0859413288525,62.0859413288525,0.0,0.0,True,False,False
single_axis:primary_balance[year=5]=-1.5,Outputs!D12,output_baseline[year=3],62.38587341256677,62.38587341256677,0.0,0.0,True,False,False
single_axis:primary_balance[year=5]=-1.5,Outputs!E12,output_baseline[year=4],62.18725444354536,62.18725444354536,0.0,0.0,True,False,False
single_axis:primary_balance[year=5]=-1.5,Outputs!F12,output_baseline[year=5],63.987675962596306,63.987675962596306,0.0,0.0,True,False,False
single_axis:primary_balance[year=5]=-1.5,Outputs!B13,output_shocked[year=1],61.28985507246378,61.28985507246378,0.0,0.0,True,False,False
single_axis:primary_balance[year=5]=-1.5,Outputs!C13,output_shocked[year=2],62.0859413288525,62.08594132885249,7.105427357601002e-15,1.1444502902783528e-16,True,False,False
single_axis:primary_balance[year=5]=-1.5,Outputs!D13,output_shocked[year=3],62.38587341256677,62.38587341256675,1.4210854715202004e-14,2.2778962508424903e-16,True,False,False
single_axis:primary_balance[year=5]=-1.5,Outputs!E13,output_shocked[year=4],62.18725444354536,62.187254443545335,2.842170943040401e-14,4.570343181206964e-16,True,False,False
single_axis:primary_balance[year=5]=-1.5,Outputs!F13,output_shocked[year=5],63.987675962596306,63.987675962596285,2.1316282072803006e-14,3.331310561312359e-16,True,False,False
single_axis:primary_balance[year=5]=-1.5,Outputs!B14,output_delta[year=1],0.0,-1.4210854715202004e-14,1.4210854715202004e-14,inf,True,False,False
single_axis:primary_balance[year=5]=-1.5,Outputs!C14,output_delta[year=2],0.0,-2.1316282072803006e-14,2.1316282072803006e-14,inf,True,False,False
single_axis:primary_balance[year=5]=-1.5,Outputs!D14,output_delta[year=3],0.0,-2.1316282072803006e-14,2.1316282072803006e-14,inf,True,False,False
single_axis:primary_balance[year=5]=-1.5,Outputs!E14,output_delta[year=4],0.0,-3.552713678800501e-14,3.552713678800501e-14,inf,True,False,False
single_axis:primary_balance[year=5]=-1.5,Outputs!F14,output_delta[year=5],0.0,-3.552713678800501e-14,3.552713678800501e-14,inf,True,False,False
single_axis:primary_balance[year=5]=+0.0,Outputs!B12,output_baseline[year=1],61.28985507246378,61.28985507246378,0.0,0.0,True,False,False
single_axis:primary_balance[year=5]=+0.0,Outputs!C12,output_baseline[year=2],62.0859413288525,62.0859413288525,0.0,0.0,True,False,False
single_axis:primary_balance[year=5]=+0.0,Outputs!D12,output_baseline[year=3],62.38587341256677,62.38587341256677,0.0,0.0,True,False,False
single_axis:primary_balance[year=5]=+0.0,Outputs!E12,output_baseline[year=4],62.18725444354536,62.18725444354536,0.0,0.0,True,False,False
single_axis:primary_balance[year=5]=+0.0,Outputs!F12,output_baseline[year=5],62.487675962596306,62.487675962596306,0.0,0.0,True,False,False
single_axis:primary_balance[year=5]=+0.0,Outputs!B13,output_shocked[year=1],61.28985507246378,61.28985507246378,0.0,0.0,True,False,False
single_axis:primary_balance[year=5]=+0.0,Outputs!C13,output_shocked[year=2],62.0859413288525,62.08594132885249,7.105427357601002e-15,1.1444502902783528e-16,True,False,False
single_axis:primary_balance[year=5]=+0.0,Outputs!D13,output_shocked[year=3],62.38587341256677,62.38587341256675,1.4210854715202004e-14,2.2778962508424903e-16,True,False,False
single_axis:primary_balance[year=5]=+0.0,Outputs!E13,output_shocked[year=4],62.18725444354536,62.187254443545335,2.842170943040401e-14,4.570343181206964e-16,True,False,False
single_axis:primary_balance[year=5]=+0.0,Outputs!F13,output_shocked[year=5],62.487675962596306,62.487675962596285,2.1316282072803006e-14,3.4112777830883717e-16,True,False,False
single_axis:primary_balance[year=5]=+0.0,Outputs!B14,output_delta[year=1],0.0,-1.4210854715202004e-14,1.4210854715202004e-14,inf,True,False,False
single_axis:primary_balance[year=5]=+0.0,Outputs!C14,output_delta[year=2],0.0,-2.1316282072803006e-14,2.1316282072803006e-14,inf,True,False,False
single_axis:primary_balance[year=5]=+0.0,Outputs!D14,output_delta[year=3],0.0,-2.1316282072803006e-14,2.1316282072803006e-14,inf,True,False,False
single_axis:primary_balance[year=5]=+0.0,Outputs!E14,output_delta[year=4],0.0,-3.552713678800501e-14,3.552713678800501e-14,inf,True,False,False
single_axis:primary_balance[year=5]=+0.0,Outputs!F14,output_delta[year=5],0.0,-3.552713678800501e-14,3.552713678800501e-14,inf,True,False,False
single_axis:primary_balance[year=5]=+1.5,Outputs!B12,output_baseline[year=1],61.28985507246378,61.28985507246378,0.0,0.0,True,False,False
single_axis:primary_balance[year=5]=+1.5,Outputs!C12,output_baseline[year=2],62.0859413288525,62.0859413288525,0.0,0.0,True,False,False
single_axis:primary_balance[year=5]=+1.5,Outputs!D12,output_baseline[year=3],62.38587341256677,62.38587341256677,0.0,0.0,True,False,False
single_axis:primary_balance[year=5]=+1.5,Outputs!E12,output_baseline[year=4],62.18725444354536,62.18725444354536,0.0,0.0,True,False,False
single_axis:primary_balance[year=5]=+1.5,Outputs!F12,output_baseline[year=5],60.987675962596306,60.987675962596306,0.0,0.0,True,False,False
single_axis:primary_balance[year=5]=+1.5,Outputs!B13,output_shocked[year=1],61.28985507246378,61.28985507246378,0.0,0.0,True,False,False
single_axis:primary_balance[year=5]=+1.5,Outputs!C13,output_shocked[year=2],62.0859413288525,62.08594132885249,7.105427357601002e-15,1.1444502902783528e-16,True,False,False
single_axis:primary_balance[year=5]=+1.5,Outputs!D13,output_shocked[year=3],62.38587341256677,62.38587341256675,1.4210854715202004e-14,2.2778962508424903e-16,True,False,False
single_axis:primary_balance[year=5]=+1.5,Outputs!E13,output_shocked[year=4],62.18725444354536,62.187254443545335,2.842170943040401e-14,4.570343181206964e-16,True,False,False
single_axis:primary_balance[year=5]=+1.5,Outputs!F13,output_shocked[year=5],60.987675962596306,60.987675962596285,2.1316282072803006e-14,3.4951786137704713e-16,True,False,False
single_axis:primary_balance[year=5]=+1.5,Outputs!B14,output_delta[year=1],0.0,-1.4210854715202004e-14,1.4210854715202004e-14,inf,True,False,False
single_axis:primary_balance[year=5]=+1.5,Outputs!C14,output_delta[year=2],0.0,-2.1316282072803006e-14,2.1316282072803006e-14,inf,True,False,False
single_axis:primary_balance[year=5]=+1.5,Outputs!D14,output_delta[year=3],0.0,-2.1316282072803006e-14,2.1316282072803006e-14,inf,True,False,False
single_axis:primary_balance[year=5]=+1.5,Outputs!E14,output_delta[year=4],0.0,-3.552713678800501e-14,3.552713678800501e-14,inf,True,False,False
single_axis:primary_balance[year=5]=+1.5,Outputs!F14,output_delta[year=5],0.0,-3.552713678800501e-14,3.552713678800501e-14,inf,True,False,False
single_axis:primary_balance[year=5]=+3.0,Outputs!B12,output_baseline[year=1],61.28985507246378,61.28985507246378,0.0,0.0,True,False,False
single_axis:primary_balance[year=5]=+3.0,Outputs!C12,output_baseline[year=2],62.0859413288525,62.0859413288525,0.0,0.0,True,False,False
single_axis:primary_balance[year=5]=+3.0,Outputs!D12,output_baseline[year=3],62.38587341256677,62.38587341256677,0.0,0.0,True,False,False
single_axis:primary_balance[year=5]=+3.0,Outputs!E12,output_baseline[year=4],62.18725444354536,62.18725444354536,0.0,0.0,True,False,False
single_axis:primary_balance[year=5]=+3.0,Outputs!F12,output_baseline[year=5],59.487675962596306,59.487675962596306,0.0,0.0,True,False,False
single_axis:primary_balance[year=5]=+3.0,Outputs!B13,output_shocked[year=1],61.28985507246378,61.28985507246378,0.0,0.0,True,False,False
single_axis:primary_balance[year=5]=+3.0,Outputs!C13,output_shocked[year=2],62.0859413288525,62.08594132885249,7.105427357601002e-15,1.1444502902783528e-16,True,False,False
single_axis:primary_balance[year=5]=+3.0,Outputs!D13,output_shocked[year=3],62.38587341256677,62.38587341256675,1.4210854715202004e-14,2.2778962508424903e-16,True,False,False
single_axis:primary_balance[year=5]=+3.0,Outputs!E13,output_shocked[year=4],62.18725444354536,62.187254443545335,2.842170943040401e-14,4.570343181206964e-16,True,False,False
single_axis:primary_balance[year=5]=+3.0,Outputs!F13,output_shocked[year=5],59.487675962596306,59.487675962596285,2.1316282072803006e-14,3.58331061482481e-16,True,False,False
single_axis:primary_balance[year=5]=+3.0,Outputs!B14,output_delta[year=1],0.0,-1.4210854715202004e-14,1.4210854715202004e-14,inf,True,False,False
single_axis:primary_balance[year=5]=+3.0,Outputs!C14,output_delta[year=2],0.0,-2.1316282072803006e-14,2.1316282072803006e-14,inf,True,False,False
single_axis:primary_balance[year=5]=+3.0,Outputs!D14,output_delta[year=3],0.0,-2.1316282072803006e-14,2.1316282072803006e-14,inf,True,False,False
single_axis:primary_balance[year=5]=+3.0,Outputs!E14,output_delta[year=4],0.0,-3.552713678800501e-14,3.552713678800501e-14,inf,True,False,False
single_axis:primary_balance[year=5]=+3.0,Outputs!F14,output_delta[year=5],0.0,-3.552713678800501e-14,3.552713678800501e-14,inf,True,False,False
combo:country=Borvelia:shock_type=1:shock_year=1,Outputs!B12,output_baseline[year=1],61.28985507246378,61.28985507246378,0.0,0.0,True,False,False
combo:country=Borvelia:shock_type=1:shock_year=1,Outputs!C12,output_baseline[year=2],62.0859413288525,62.0859413288525,0.0,0.0,True,False,False
combo:country=Borvelia:shock_type=1:shock_year=1,Outputs!D12,output_baseline[year=3],62.38587341256677,62.38587341256677,0.0,0.0,True,False,False
combo:country=Borvelia:shock_type=1:shock_year=1,Outputs!E12,output_baseline[year=4],62.18725444354536,62.18725444354536,0.0,0.0,True,False,False
combo:country=Borvelia:shock_type=1:shock_year=1,Outputs!F12,output_baseline[year=5],61.487675962596306,61.487675962596306,0.0,0.0,True,False,False
combo:country=Borvelia:shock_type=1:shock_year=1,Outputs!B13,output_shocked[year=1],62.47783251231528,62.47783251231528,0.0,0.0,True,False,False
combo:country=Borvelia:shock_type=1:shock_year=1,Outputs!C13,output_shocked[year=2],64.51669538207675,64.51669538207673,1.4210854715202004e-14,2.2026631449492828e-16,True,False,False
combo:country=Borvelia:shock_type=1:shock_year=1,Outputs!D13,output_shocked[year=3],66.105776549123,66.10577654912298,1.4210854715202004e-14,2.149714511657232e-16,True,False,False
combo:country=Borvelia:shock_type=1:shock_year=1,Outputs!E13,output_shocked[year=4],67.23399764639204,67.23399764639201,2.842170943040401e-14,4.2272823906565957e-16,True,False,False
combo:country=Borvelia:shock_type=1:shock_year=1,Outputs!F13,output_shocked[year=5],67.89000744063816,67.89000744063813,2.842170943040401e-14,4.186434867495847e-16,True,False,False
combo:country=Borvelia:shock_type=1:shock_year=1,Outputs!B14,output_delta[year=1],1.187977439851501,1.187977439851494,7.105427357601002e-15,5.981113040740227e-15,True,False,False
combo:country=Borvelia:shock_type=1:shock_year=1,Outputs!C14,output_delta[year=2],2.4307540532242484,2.430754053224234,1.4210854715202004e-14,5.8462742029997496e-15,True,False,False
combo:country=Borvelia:shock_type=1:shock_year=1,Outputs!D14,output_delta[year=3],3.7199031365562263,3.719903136556198,2.842170943040401e-14,7.640443416684222e-15,True,False,False
combo:country=Borvelia:shock_type=1:shock_year=1,Outputs!E14,output_delta[year=4],5.046743202846677,5.046743202846649,2.842170943040401e-14,5.631693210459449e-15,True,False,False
combo:country=Borvelia:shock_type=1:shock_year=1,Outputs!F14,output_delta[year=5],6.402331478041852,6.402331478041823,2.842170943040401e-14,4.439274899758356e-15,True,False,False
combo:country=Borvelia:shock_type=1:shock_year=2,Outputs!B12,output_baseline[year=1],61.28985507246378,61.28985507246378,0.0,0.0,True,False,False
combo:country=Borvelia:shock_type=1:shock_year=2,Outputs!C12,output_baseline[year=2],62.0859413288525,62.0859413288525,0.0,0.0,True,False,False
combo:country=Borvelia:shock_type=1:shock_year=2,Outputs!D12,output_baseline[year=3],62.38587341256677,62.38587341256677,0.0,0.0,True,False,False
combo:country=Borvelia:shock_type=1:shock_year=2,Outputs!E12,output_baseline[year=4],62.18725444354536,62.18725444354536,0.0,0.0,True,False,False
combo:country=Borvelia:shock_type=1:shock_year=2,Outputs!F12,output_baseline[year=5],61.487675962596306,61.487675962596306,0.0,0.0,True,False,False
combo:country=Borvelia:shock_type=1:shock_year=2,Outputs!B13,output_shocked[year=1],61.28985507246378,61.28985507246378,0.0,0.0,True,False,False
combo:country=Borvelia:shock_type=1:shock_year=2,Outputs!C13,output_shocked[year=2],63.29945741415009,63.299457414150076,1.4210854715202004e-14,2.2450199884375753e-16,True,False,False
combo:country=Borvelia:shock_type=1:shock_year=2,Outputs!D13,output_shocked[year=3],64.85855735045921,64.8585573504592,1.4210854715202004e-14,2.1910531617924414e-16,True,False,False
combo:country=Borvelia:shock_type=1:shock_year=2,Outputs!E13,output_shocked[year=4],65.9560587630321,65.95605876303209,1.4210854715202004e-14,2.1545942831816212e-16,True,False,False
combo:country=Borvelia:shock_type=1:shock_year=2,Outputs!F13,output_shocked[year=5],66.58059223010186,66.58059223010184,1.4210854715202004e-14,2.1343839457134045e-16,True,False,False
combo:country=Borvelia:shock_type=1:shock_year=2,Outputs!B14,output_delta[year=1],0.0,-1.4210854715202004e-14,1.4210854715202004e-14,inf,True,False,False
combo:country=Borvelia:shock_type=1:shock_year=2,Outputs!C14,output_delta[year=2],1.2135160852975915,1.2135160852975702,2.1316282072803006e-14,1.7565718601559037e-14,True,False,False
combo:country=Borvelia:shock_type=1:shock_year=2,Outputs!D14,output_delta[year=3],2.472683937892441,2.472683937892427,1.4210854715202004e-14,5.7471375526119344e-15,True,False,False
combo:country=Borvelia:shock_type=1:shock_year=2,Outputs!E14,output_delta[year=4],3.7688043194867404,3.7688043194867262,1.4210854715202004e-14,3.770653371872947e-15,True,False,False
combo:country=Borvelia:shock_type=1:shock_year=2,Outputs!F14,output_delta[year=5],5.092916267505551,5.092916267505551,0.0,0.0,True,False,False
combo:country=Borvelia:shock_type=1:shock_year=3,Outputs!B12,output_baseline[year=1],61.28985507246378,61.28985507246378,0.0,0.0,True,False,False
combo:country=Borvelia:shock_type=1:shock_year=3,Outputs!C12,output_baseline[year=2],62.0859413288525,62.0859413288525,0.0,0.0,True,False,False
combo:country=Borvelia:shock_type=1:shock_year=3,Outputs!D12,output_baseline[year=3],62.38587341256677,62.38587341256677,0.0,0.0,True,False,False
combo:country=Borvelia:shock_type=1:shock_year=3,Outputs!E12,output_baseline[year=4],62.18725444354536,62.18725444354536,0.0,0.0,True,False,False
combo:country=Borvelia:shock_type=1:shock_year=3,Outputs!F12,output_baseline[year=5],61.487675962596306,61.487675962596306,0.0,0.0,True,False,False
combo:country=Borvelia:shock_type=1:shock_year=3,Outputs!B13,output_shocked[year=1],61.28985507246378,61.28985507246378,0.0,0.0,True,False,False
combo:country=Borvelia:shock_type=1:shock_year=3,Outputs!C13,output_shocked[year=2],62.0859413288525,62.08594132885249,7.105427357601002e-15,1.1444502902783528e-16,True,False,False
combo:country=Borvelia:shock_type=1:shock_year=3,Outputs!D13,output_shocked[year=3],63.615151706410444,63.61515170641043,1.4210854715202004e-14,2.2338789319856306e-16,True,False,False
combo:country=Borvelia:shock_type=1:shock_year=3,Outputs!E13,output_shocked[year=4],64.6820273642038,64.68202736420379,1.4210854715202004e-14,2.1970329772109996e-16,True,False,False
combo:country=Borvelia:shock_type=1:shock_year=3,Outputs!F13,output_shocked[year=5],65.2751807475586,65.27518074755858,1.4210854715202004e-14,2.1770686120594948e-16,True,False,False
combo:country=Borvelia:shock_type=1:shock_year=3,Outputs!B14,output_delta[year=1],0.0,-1.4210854715202004e-14,1.4210854715202004e-14,inf,True,False,False
combo:country=Borvelia:shock_type=1:shock_year=3,Outputs!C14,output_delta[year=2],0.0,-2.1316282072803006e-14,2.1316282072803006e-14,inf,True,False,False
combo:country=Borvelia:shock_type=1:shock_year=3,Outputs!D14,output_delta[year=3],1.2292782938436773,1.229278293843656,2.1316282072803006e-14,1.73404852095385e-14,True,False,False
combo:country=Borvelia:shock_type=1:shock_year=3,Outputs!E14,output_delta[year=4],2.4947729206584413,2.494772920658427,1.4210854715202004e-14,5.696251790103348e-15,True,False,False
combo:country=Borvelia:shock_type=1:shock_year=3,Outputs!F14,output_delta[year=5],3.7875047849622874,3.787504784962259,2.842170943040401e-14,7.50407221747893e-15,True,False,False
combo:country=Borvelia:shock_type=1:shock_year=4,Outputs!B12,output_baseline[year=1],61.28985507246378,61.28985507246378,0.0,0.0,True,False,False
combo:country=Borvelia:shock_type=1:shock_year=4,Outputs!C12,output_baseline[year=2],62.0859413288525,62.0859413288525,0.0,0.0,True,False,False
combo:country=Borvelia:shock_type=1:shock_year=4,Outputs!D12,output_baseline[year=3],62.38587341256677,62.38587341256677,0.0,0.0,True,False,False
combo:country=Borvelia:shock_type=1:shock_year=4,Outputs!E12,output_baseline[year=4],62.18725444354536,62.18725444354536,0.0,0.0,True,False,False
combo:country=Borvelia:shock_type=1:shock_year=4,Outputs!F12,output_baseline[year=5],61.487675962596306,61.487675962596306,0.0,0.0,True,False,False
combo:country=Borvelia:shock_type=1:shock_year=4,Outputs!B13,output_shocked[year=1],61.28985507246378,61.28985507246378,0.0,0.0,True,False,False
combo:country=Borvelia:shock_type=1:shock_year=4,Outputs!C13,output_shocked[year=2],62.0859413288525,62.08594132885249,7.105427357601002e-15,1.1444502902783528e-16,True,False,False
combo:country=Borvelia:shock_type=1:shock_year=4,Outputs!D13,output_shocked[year=3],62.38587341256677,62.38587341256675,1.4210854715202004e-14,2.2778962508424903e-16,True,False,False
combo:country=Borvelia:shock_type=1:shock_year=4,Outputs!E13,output_shocked[year=4],63.42247127987138,63.42247127987135,2.842170943040401e-14,4.481331120792246e-16,True,False,False
combo:country=Borvelia:shock_type=1:shock_year=4,Outputs!F13,output_shocked[year=5],63.98460111435098,63.98460111435095,2.842170943040401e-14,4.441960867992245e-16,True,False,False
combo:country=Borvelia:shock_type=1:shock_year=4,Outputs!B14,output_delta[year=1],0.0,-1.4210854715202004e-14,1.4210854715202004e-14,inf,True,False,False
combo:country=Borvelia:shock_type=1:shock_year=4,Outputs!C14,output_delta[year=2],0.0,-2.1316282072803006e-14,2.1316282072803006e-14,inf,True,False,False
combo:country=Borvelia:shock_type=1:shock_year=4,Outputs!D14,output_delta[year=3],0.0,-2.1316282072803006e-14,2.1316282072803006e-14,inf,True,False,False
combo:country=Borvelia:shock_type=1:shock_year=4,Outputs!E14,output_delta[year=4],1.2352168363260176,1.2352168363259892,2.842170943040401e-14,2.300948998957986e-14,True,False,False
combo:country=Borvelia:shock_type=1:shock_year=4,Outputs!F14,output_delta[year=5],2.4969251517546738,2.4969251517546454,2.842170943040401e-14,1.13826837822636e-14,True,False,False
combo:country=Borvelia:shock_type=1:shock_year=5,Outputs!B12,output_baseline[year=1],61.28985507246378,61.28985507246378,0.0,0.0,True,False,False
combo:country=Borvelia:shock_type=1:shock_year=5,Outputs!C12,output_baseline[year=2],62.0859413288525,62.0859413288525,0.0,0.0,True,False,False
combo:country=Borvelia:shock_type=1:shock_year=5,Outputs!D12,output_baseline[year=3],62.38587341256677,62.38587341256677,0.0,0.0,True,False,False
combo:country=Borvelia:shock_type=1:shock_year=5,Outputs!E12,output_baseline[year=4],62.18725444354536,62.18725444354536,0.0,0.0,True,False,False
combo:country=Borvelia:shock_type=1:shock_year=5,Outputs!F12,output_baseline[year=5],61.487675962596306,61.487675962596306,0.0,0.0,True,False,False
combo:country=Borvelia:shock_type=1:shock_year=5,Outputs!B13,output_shocked[year=1],61.28985507246378,61.28985507246378,0.0,0.0,True,False,False
combo:country=Borvelia:shock_type=1:shock_year=5,Outputs!C13,output_shocked[year=2],62.0859413288525,62.08594132885249,7.105427357601002e-15,1.1444502902783528e-16,True,False,False
combo:country=Borvelia:shock_type=1:shock_year=5,Outputs!D13,output_shocked[year=3],62.38587341256677,62.38587341256675,1.4210854715202004e-14,2.2778962508424903e-16,True,False,False
combo:country=Borvelia:shock_type=1:shock_year=5,Outputs!E13,output_shocked[year=4],62.18725444354536,62.187254443545335,2.842170943040401e-14,4.570343181206964e-16,True,False,False
combo:country=Borvelia:shock_type=1:shock_year=5,Outputs!F13,output_shocked[year=5],62.718960218016925,62.718960218016896,2.842170943040401e-14,4.531597675026421e-16,True,False,False
combo:country=Borvelia:shock_type=1:shock_year=5,Outputs!B14,output_delta[year=1],0.0,-1.4210854715202004e-14,1.4210854715202004e-14,inf,True,False,False
combo:country=Borvelia:shock_type=1:shock_year=5,Outputs!C14,output_delta[year=2],0.0,-2.1316282072803006e-14,2.1316282072803006e-14,inf,True,False,False
combo:country=Borvelia:shock_type=1:shock_year=5,Outputs!D14,output_delta[year=3],0.0,-2.1316282072803006e-14,2.1316282072803006e-14,inf,True,False,False
combo:country=Borvelia:shock_type=1:shock_year=5,Outputs!E14,output_delta[year=4],0.0,-3.552713678800501e-14,3.552713678800501e-14,inf,True,False,False
combo:country=Borvelia:shock_type=1:shock_year=5,Outputs!F14,output_delta[year=5],1.2312842554206185,1.23128425542059,2.842170943040401e-14,2.3082979665564616e-14,True,False,False
combo:country=Borvelia:shock_type=2:shock_year=1,Outputs!B12,output_baseline[year=1],61.28985507246378,61.28985507246378,0.0,0.0,True,False,False
combo:country=Borvelia:shock_type=2:shock_year=1,Outputs!C12,output_baseline[year=2],62.0859413288525,62.0859413288525,0.0,0.0,True,False,False
combo:country=Borvelia:shock_type=2:shock_year=1,Outputs!D12,output_baseline[year=3],62.38587341256677,62.38587341256677,0.0,0.0,True,False,False
combo:country=Borvelia:shock_type=2:shock_year=1,Outputs!E12,output_baseline[year=4],62.18725444354536,62.18725444354536,0.0,0.0,True,False,False
combo:country=Borvelia:shock_type=2:shock_year=1,Outputs!F12,output_baseline[year=5],61.487675962596306,61.487675962596306,0.0,0.0,True,False,False
combo:country=Borvelia:shock_type=2:shock_year=1,Outputs!B13,output_shocked[year=1],62.44927536231884,62.44927536231884,0.0,0.0,True,False,False
combo:country=Borvelia:shock_type=2:shock_year=1,Outputs!C13,output_shocked[year=2],64.45771196527342,64.45771196527342,0.0,0.0,True,False,False
combo:country=Borvelia:shock_type=2:shock_year=1,Outputs!D13,output_shocked[year=3],66.01466152965202,66.014661529652,1.4210854715202004e-14,2.1526815991957892e-16,True,False,False
combo:country=Borvelia:shock_type=2:shock_year=1,Outputs!E13,output_shocked[year=4],67.10921857143106,67.10921857143104,1.4210854715202004e-14,2.1175711798932614e-16,True,False,False
combo:country=Borvelia:shock_type=2:shock_year=1,Outputs!F13,output_shocked[year=5],67.73021418909848,67.73021418909846,1.4210854715202004e-14,2.0981558799631426e-16,True,False,False
combo:country=Borvelia:shock_type=2:shock_year=1,Outputs!B14,output_delta[year=1],1.1594202898550634,1.1594202898550634,0.0,0.0,True,False,False
combo:country=Borvelia:shock_type=2:shock_year=1,Outputs!C14,output_delta[year=2],2.3717706364209192,2.371770636420905,1.4210854715202004e-14,5.991664833428689e-15,True,False,False
combo:country=Borvelia:shock_type=2:shock_year=1,Outputs!D14,output_delta[year=3],3.62878811708525,3.628788117085236,1.4210854715202004e-14,3.9161434221782516e-15,True,False,False
combo:country=Borvelia:shock_type=2:shock_year=1,Outputs!E14,output_delta[year=4],4.921964127885694,4.92196412788568,1.4210854715202004e-14,2.8872324840178174e-15,True,False,False
combo:country=Borvelia:shock_type=2:shock_year=1,Outputs!F14,output_delta[year=5],6.24253822650217,6.242538226502155,1.4210854715202004e-14,2.276454576580888e-15,True,False,False
combo:country=Borvelia:shock_type=2:shock_year=2,Outputs!B12,output_baseline[year=1],61.28985507246378,61.28985507246378,0.0,0.0,True,False,False
combo:country=Borvelia:shock_type=2:shock_year=2,Outputs!C12,output_baseline[year=2],62.0859413288525,62.0859413288525,0.0,0.0,True,False,False
combo:country=Borvelia:shock_type=2:shock_year=2,Outputs!D12,output_baseline[year=3],62.38587341256677,62.38587341256677,0.0,0.0,True,False,False
combo:country=Borvelia:shock_type=2:shock_year=2,Outputs!E12,output_baseline[year=4],62.18725444354536,62.18725444354536,0.0,0.0,True,False,False
combo:country=Borvelia:shock_type=2:shock_year=2,Outputs!F12,output_baseline[year=5],61.487675962596306,61.487675962596306,0.0,0.0,True,False,False
combo:country=Borvelia:shock_type=2:shock_year=2,Outputs!B13,output_shocked[year=1],61.28985507246378,61.28985507246378,0.0,0.0,True,False,False
combo:country=Borvelia:shock_type=2:shock_year=2,Outputs!C13,output_shocked[year=2],63.27028635440736,63.27028635440735,1.4210854715202004e-14,2.2460550653430205e-16,True,False,False
combo:country=Borvelia:shock_type=2:shock_year=2,Outputs!D13,output_shocked[year=3],64.79855414074571,64.7985541407457,1.4210854715202004e-14,2.1930820685188925e-16,True,False,False
combo:country=Borvelia:shock_type=2:shock_year=2,Outputs!E13,output_shocked[year=4],65.86373660791348,65.86373660791348,0.0,0.0,True,False,False
combo:country=Borvelia:shock_type=2:shock_year=2,Outputs!F13,output_shocked[year=5],66.45464812018193,66.45464812018191,1.4210854715202004e-14,2.1384290064258488e-16,True,False,False
combo:country=Borvelia:shock_type=2:shock_year=2,Outputs!B14,output_delta[year=1],0.0,-1.4210854715202004e-14,1.4210854715202004e-14,inf,True,False,False
combo:country=Borvelia:shock_type=2:shock_year=2,Outputs!C14,output_delta[year=2],1.1843450255548618,1.1843450255548404,2.1316282072803006e-14,1.7998371769085108e-14,True,False,False
combo:country=Borvelia:shock_type=2:shock_year=2,Outputs!D14,output_delta[year=3],2.412680728178941,2.412680728178927,1.4210854715202004e-14,5.890068482425425e-15,True,False,False
combo:country=Borvelia:shock_type=2:shock_year=2,Outputs!E14,output_delta[year=4],3.6764821643681174,3.676482164368103,1.4210854715202004e-14,3.865340311706488e-15,True,False,False
combo:country=Borvelia:shock_type=2:shock_year=2,Outputs!F14,output_delta[year=5],4.966972157585623,4.966972157585609,1.4210854715202004e-14,2.86106993643985e-15,True,False,False
combo:country=Borvelia:shock_type=2:shock_year=3,Outputs!B12,output_baseline[year=1],61.28985507246378,61.28985507246378,0.0,0.0,True,False,False
combo:country=Borvelia:shock_type=2:shock_year=3,Outputs!C12,output_baseline[year=2],62.0859413288525,62.0859413288525,0.0,0.0,True,False,False
combo:country=Borvelia:shock_type=2:shock_year=3,Outputs!D12,output_baseline[year=3],62.38587341256677,62.38587341256677,0.0,0.0,True,False,False
combo:country=Borvelia:shock_type=2:shock_year=3,Outputs!E12,output_baseline[year=4],62.18725444354536,62.18725444354536,0.0,0.0,True,False,False
combo:country=Borvelia:shock_type=2:shock_year=3,Outputs!F12,output_baseline[year=5],61.487675962596306,61.487675962596306,0.0,0.0,True,False,False
combo:country=Borvelia:shock_type=2:shock_year=3,Outputs!B13,output_shocked[year=1],61.28985507246378,61.28985507246378,0.0,0.0,True,False,False
combo:country=Borvelia:shock_type=2:shock_year=3,Outputs!C13,output_shocked[year=2],62.0859413288525,62.08594132885249,7.105427357601002e-15,1.1444502902783528e-16,True,False,False
combo:country=Borvelia:shock_type=2:shock_year=3,Outputs!D13,output_shocked[year=3],63.58560174742382,63.585601747423794,2.842170943040401e-14,4.469834152596585e-16,True,False,False
combo:country=Borvelia:shock_type=2:shock_year=3,Outputs!E13,output_shocked[year=4],64.62148584760315,64.62148584760313,2.842170943040401e-14,4.3981825947844844e-16,True,False,False
combo:country=Borvelia:shock_type=2:shock_year=3,Outputs!F13,output_shocked[year=5],65.18239130285929,65.18239130285924,4.263256414560601e-14,6.540503239213916e-16,True,False,False
combo:country=Borvelia:shock_type=2:shock_year=3,Outputs!B14,output_delta[year=1],0.0,-1.4210854715202004e-14,1.4210854715202004e-14,inf,True,False,False
combo:country=Borvelia:shock_type=2:shock_year=3,Outputs!C14,output_delta[year=2],0.0,-2.1316282072803006e-14,2.1316282072803006e-14,inf,True,False,False
combo:country=Borvelia:shock_type=2:shock_year=3,Outputs!D14,output_delta[year=3],1.1997283348570562,1.199728334857035,2.1316282072803006e-14,1.776759075657138e-14,True,False,False
combo:country=Borvelia:shock_type=2:shock_year=3,Outputs!E14,output_delta[year=4],2.4342314040577904,2.434231404057762,2.842170943040401e-14,1.167584535431836e-14,True,False,False
combo:country=Borvelia:shock_type=2:shock_year=3,Outputs!F14,output_delta[year=5],3.694715340262981,3.6947153402629382,4.263256414560601e-14,1.1538795338579867e-14,True,False,False
combo:country=Borvelia:shock_type=2:shock_year=4,Outputs!B12,output_baseline[year=1],61.28985507246378,61.28985507246378,0.0,0.0,True,False,False
combo:country=Borvelia:shock_type=2:shock_year=4,Outputs!C12,output_baseline[year=2],62.0859413288525,62.0859413288525,0.0,0.0,True,False,False
combo:country=Borvelia:shock_type=2:shock_year=4,Outputs!D12,output_baseline[year=3],62.38587341256677,62.38587341256677,0.0,0.0,True,False,False
combo:country=Borvelia:shock_type=2:shock_year=4,Outputs!E12,output_baseline[year=4],62.18725444354536,62.18725444354536,0.0,0.0,True,False,False
combo:country=Borvelia:shock_type=2:shock_year=4,Outputs!F12,output_baseline[year=5],61.487675962596306,61.487675962596306,0.0,0.0,True,False,False
combo:country=Borvelia:shock_type=2:shock_year=4,Outputs!B13,output_shocked[year=1],61.28985507246378,61.28985507246378,0.0,0.0,True,False,False
combo:country=Borvelia:shock_type=2:shock_year=4,Outputs!C13,output_shocked[year=2],62.0859413288525,62.08594132885249,7.105427357601002e-15,1.1444502902783528e-16,True,False,False
combo:country=Borvelia:shock_type=2:shock_year=4,Outputs!D13,output_shocked[year=3],62.38587341256677,62.38587341256675,1.4210854715202004e-14,2.2778962508424903e-16,True,False,False
combo:country=Borvelia:shock_type=2:shock_year=4,Outputs!E13,output_shocked[year=4],63.39277856745969,63.39277856745967,2.1316282072803006e-14,3.3625726075595807e-16,True,False,False
combo:country=Borvelia:shock_type=2:shock_year=4,Outputs!F13,output_shocked[year=5],63.92400510290558,63.924005102905554,2.842170943040401e-14,4.4461715727371e-16,True,False,False
combo:country=Borvelia:shock_type=2:shock_year=4,Outputs!B14,output_delta[year=1],0.0,-1.4210854715202004e-14,1.4210854715202004e-14,inf,True,False,False
combo:country=Borvelia:shock_type=2:shock_year=4,Outputs!C14,output_delta[year=2],0.0,-2.1316282072803006e-14,2.1316282072803006e-14,inf,True,False,False
combo:country=Borvelia:shock_type=2:shock_year=4,Outputs!D14,output_delta[year=3],0.0,-2.1316282072803006e-14,2.1316282072803006e-14,inf,True,False,False
combo:country=Borvelia:shock_type=2:shock_year=4,Outputs!E14,output_delta[year=4],1.20552412391433,1.2055241239143086,2.1316282072803006e-14,1.7682169647164887e-14,True,False,False
combo:country=Borvelia:shock_type=2:shock_year=4,Outputs!F14,output_delta[year=5],2.436329140309276,2.4363291403092617,1.4210854715202004e-14,5.832896089482404e-15,True,False,False
combo:country=Borvelia:shock_type=2:shock_year=5,Outputs!B12,output_baseline[year=1],61.28985507246378,61.28985507246378,0.0,0.0,True,False,False
combo:country=Borvelia:shock_type=2:shock_year=5,Outputs!C12,output_baseline[year=2],62.0859413288525,62.0859413288525,0.0,0.0,True,False,False
combo:country=Borvelia:shock_type=2:shock_year=5,Outputs!D12,output_baseline[year=3],62.38587341256677,62.38587341256677,0.0,0.0,True,False,False
combo:country=Borvelia:shock_type=2:shock_year=5,Outputs!E12,output_baseline[year=4],62.18725444354536,62.18725444354536,0.0,0.0,True,False,False
combo:country=Borvelia:shock_type=2:shock_year=5,Outputs!F12,output_baseline[year=5],61.487675962596306,61.487675962596306,0.0,0.0,True,False,False
combo:country=Borvelia:shock_type=2:shock_year=5,Outputs!B13,output_shocked[year=1],61.28985507246378,61.28985507246378,0.0,0.0,True,False,False
combo:country=Borvelia:shock_type=2:shock_year=5,Outputs!C13,output_shocked[year=2],62.0859413288525,62.08594132885249,7.105427357601002e-15,1.1444502902783528e-16,True,False,False
combo:country=Borvelia:shock_type=2:shock_year=5,Outputs!D13,output_shocked[year=3],62.38587341256677,62.38587341256675,1.4210854715202004e-14,2.2778962508424903e-16,True,False,False
combo:country=Borvelia:shock_type=2:shock_year=5,Outputs!E13,output_shocked[year=4],62.18725444354536,62.187254443545335,2.842170943040401e-14,4.570343181206964e-16,True,False,False
combo:country=Borvelia:shock_type=2:shock_year=5,Outputs!F13,output_shocked[year=5],62.689362038800084,62.689362038800056,2.842170943040401e-14,4.533737225274851e-16,True,False,False
combo:country=Borvelia:shock_type=2:shock_year=5,Outputs!B14,output_delta[year=1],0.0,-1.4210854715202004e-14,1.4210854715202004e-14,inf,True,False,False
combo:country=Borvelia:shock_type=2:shock_year=5,Outputs!C14,output_delta[year=2],0.0,-2.1316282072803006e-14,2.1316282072803006e-14,inf,True,False,False
combo:country=Borvelia:shock_type=2:shock_year=5,Outputs!D14,output_delta[year=3],0.0,-2.1316282072803006e-14,2.1316282072803006e-14,inf,True,False,False
combo:country=Borvelia:shock_type=2:shock_year=5,Outputs!E14,output_delta[year=4],0.0,-3.552713678800501e-14,3.552713678800501e-14,inf,True,False,False
combo:country=Borvelia:shock_type=2:shock_year=5,Outputs!F14,output_delta[year=5],1.201686076203778,1.2016860762037496,2.842170943040401e-14,2.3651525962745986e-14,True,False,False
combo:country=Borvelia:shock_type=3:shock_year=1,Outputs!B12,output_baseline[year=1],61.28985507246378,61.28985507246378,0.0,0.0,True,False,False
combo:country=Borvelia:shock_type=3:shock_year=1,Outputs!C12,output_baseline[year=2],62.0859413288525,62.0859413288525,0.0,0.0,True,False,False
combo:country=Borvelia:shock_type=3:shock_year=1,Outputs!D12,output_baseline[year=3],62.38587341256677,62.38587341256677,0.0,0.0,True,False,False
combo:country=Borvelia:shock_type=3:shock_year=1,Outputs!E12,output_baseline[year=4],62.18725444354536,62.18725444354536,0.0,0.0,True,False,False
combo:country=Borvelia:shock_type=3:shock_year=1,Outputs!F12,output_baseline[year=5],61.487675962596306,61.487675962596306,0.0,0.0,True,False,False
combo:country=Borvelia:shock_type=3:shock_year=1,Outputs!B13,output_shocked[year=1],62.28985507246378,62.28985507246378,0.0,0.0,True,False,False
combo:country=Borvelia:shock_type=3:shock_year=1,Outputs!C13,output_shocked[year=2],64.0907722467269,64.09077224672689,1.4210854715202004e-14,2.2173012146733415e-16,True,False,False
combo:country=Borvelia:shock_type=3:shock_year=1,Outputs!D13,output_shocked[year=3],65.40038950395747,65.40038950395746,1.4210854715202004e-14,2.1729006238322304e-16,True,False,False
combo:country=Borvelia:shock_type=3:shock_year=1,Outputs!E13,output_shocked[year=4],66.21633341460462,66.2163334146046,1.4210854715202004e-14,2.1461252809367528e-16,True,False,False
combo:country=Borvelia:shock_type=3:shock_year=1,Outputs!F13,output_shocked[year=5],66.53621908327422,66.53621908327419,2.842170943040401e-14,4.2716147418644977e-16,True,False,False
combo:country=Borvelia:shock_type=3:shock_year=1,Outputs!B14,output_delta[year=1],1.0,0.9999999999999858,1.4210854715202004e-14,1.4210854715202004e-14,True,False,False
combo:country=Borvelia:shock_type=3:shock_year=1,Outputs!C14,output_delta[year=2],2.0048309178744006,2.0048309178743864,1.4210854715202004e-14,7.088305845895924e-15,True,False,False
combo:country=Borvelia:shock_type=3:shock_year=1,Outputs!D14,output_delta[year=3],3.0145160913907034,3.014516091390689,1.4210854715202004e-14,4.714141269899817e-15,True,False,False
combo:country=Borvelia:shock_type=3:shock_year=1,Outputs!E14,output_delta[year=4],4.029078971059256,4.029078971059228,2.842170943040401e-14,7.054145534142226e-15,True,False,False
combo:country=Borvelia:shock_type=3:shock_year=1,Outputs!F14,output_delta[year=5],5.0485431206779126,5.04854312067787,4.263256414560601e-14,8.444528079990206e-15,True,False,False
combo:country=Borvelia:shock_type=3:shock_year=2,Outputs!B12,output_baseline[year=1],61.28985507246378,61.28985507246378,0.0,0.0,True,False,False
combo:country=Borvelia:shock_type=3:shock_year=2,Outputs!C12,output_baseline[year=2],62.0859413288525,62.0859413288525,0.0,0.0,True,False,False
combo:country=Borvelia:shock_type=3:shock_year=2,Outputs!D12,output_baseline[year=3],62.38587341256677,62.38587341256677,0.0,0.0,True,False,False
combo:country=Borvelia:shock_type=3:shock_year=2,Outputs!E12,output_baseline[year=4],62.18725444354536,62.18725444354536,0.0,0.0,True,False,False
combo:country=Borvelia:shock_type=3:shock_year=2,Outputs!F12,output_baseline[year=5],61.487675962596306,61.487675962596306,0.0,0.0,True,False,False
combo:country=Borvelia:shock_type=3:shock_year=2,Outputs!B13,output_shocked[year=1],61.28985507246378,61.28985507246378,0.0,0.0,True,False,False
combo:country=Borvelia:shock_type=3:shock_year=2,Outputs!C13,output_shocked[year=2],63.0859413288525,63.08594132885249,7.105427357601002e-15,1.1263091598430852e-16,True,False,False
combo:country=Borvelia:shock_type=3:shock_year=2,Outputs!D13,output_shocked[year=3],64.39070433044117,64.39070433044114,2.842170943040401e-14,4.413946038631455e-16,True,False,False
combo:country=Borvelia:shock_type=3:shock_year=2,Outputs!E13,output_shocked[year=4],65.20177053493606,65.20177053493603,2.842170943040401e-14,4.3590395164461433e-16,True,False,False
combo:country=Borvelia:shock_type=3:shock_year=2,Outputs!F13,output_shocked[year=5],65.51675493365556,65.51675493365553,2.842170943040401e-14,4.338082595693998e-16,True,False,False
combo:country=Borvelia:shock_type=3:shock_year=2,Outputs!B14,output_delta[year=1],0.0,-1.4210854715202004e-14,1.4210854715202004e-14,inf,True,False,False
combo:country=Borvelia:shock_type=3:shock_year=2,Outputs!C14,output_delta[year=2],1.0,0.9999999999999787,2.1316282072803006e-14,2.1316282072803006e-14,True,False,False
combo:country=Borvelia:shock_type=3:shock_year=2,Outputs!D14,output_delta[year=3],2.0048309178744006,2.004830917874372,2.842170943040401e-14,1.4176611691791847e-14,True,False,False
combo:country=Borvelia:shock_type=3:shock_year=2,Outputs!E14,output_delta[year=4],3.0145160913906963,3.014516091390668,2.842170943040401e-14,9.428282539799657e-15,True,False,False
combo:country=Borvelia:shock_type=3:shock_year=2,Outputs!F14,output_delta[year=5],4.029078971059256,4.029078971059228,2.842170943040401e-14,7.054145534142226e-15,True,False,False
combo:country=Borvelia:shock_type=3:shock_year=3,Outputs!B12,output_baseline[year=1],61.28985507246378,61.28985507246378,0.0,0.0,True,False,False
combo:country=Borvelia:shock_type=3:shock_year=3,Outputs!C12,output_baseline[year=2],62.0859413288525,62.0859413288525,0.0,0.0,True,False,False
combo:country=Borvelia:shock_type=3:shock_year=3,Outputs!D12,output_baseline[year=3],62.38587341256677,62.38587341256677,0.0,0.0,True,False,False
combo:country=Borvelia:shock_type=3:shock_year=3,Outputs!E12,output_baseline[year=4],62.18725444354536,62.18725444354536,0.0,0.0,True,False,False
combo:country=Borvelia:shock_type=3:shock_year=3,Outputs!F12,output_baseline[year=5],61.487675962596306,61.487675962596306,0.0,0.0,True,False,False
combo:country=Borvelia:shock_type=3:shock_year=3,Outputs!B13,output_shocked[year=1],61.28985507246378,61.28985507246378,0.0,0.0,True,False,False
combo:country=Borvelia:shock_type=3:shock_year=3,Outputs!C13,output_shocked[year=2],62.0859413288525,62.08594132885249,7.105427357601002e-15,1.1444502902783528e-16,True,False,False
combo:country=Borvelia:shock_type=3:shock_year=3,Outputs!D13,output_shocked[year=3],63.38587341256677,63.38587341256675,1.4210854715202004e-14,2.241959280533411e-16,True,False,False
combo:country=Borvelia:shock_type=3:shock_year=3,Outputs!E13,output_shocked[year=4],64.19208536141974,64.19208536141974,0.0,0.0,True,False,False
combo:country=Borvelia:shock_type=3:shock_year=3,Outputs!F13,output_shocked[year=5],64.502192053987,64.50219205398699,1.4210854715202004e-14,2.2031584141059597e-16,True,False,False
combo:country=Borvelia:shock_type=3:shock_year=3,Outputs!B14,output_delta[year=1],0.0,-1.4210854715202004e-14,1.4210854715202004e-14,inf,True,False,False
combo:country=Borvelia:shock_type=3:shock_year=3,Outputs!C14,output_delta[year=2],0.0,-2.1316282072803006e-14,2.1316282072803006e-14,inf,True,False,False
combo:country=Borvelia:shock_type=3:shock_year=3,Outputs!D14,output_delta[year=3],1.0,0.9999999999999787,2.1316282072803006e-14,2.1316282072803006e-14,True,False,False
combo:country=Borvelia:shock_type=3:shock_year=3,Outputs!E14,output_delta[year=4],2.0048309178743793,2.004830917874365,1.4210854715202004e-14,7.088305845895999e-15,True,False,False
combo:country=Borvelia:shock_type=3:shock_year=3,Outputs!F14,output_delta[year=5],3.0145160913906963,3.014516091390668,2.842170943040401e-14,9.428282539799657e-15,True,False,False
combo:country=Borvelia:shock_type=3:shock_year=4,Outputs!B12,output_baseline[year=1],61.28985507246378,61.28985507246378,0.0,0.0,True,False,False
combo:country=Borvelia:shock_type=3:shock_year=4,Outputs!C12,output_baseline[year=2],62.0859413288525,62.0859413288525,0.0,0.0,True,False,False
combo:country=Borvelia:shock_type=3:shock_year=4,Outputs!D12,output_baseline[year=3],62.38587341256677,62.38587341256677,0.0,0.0,True,False,False
combo:country=Borvelia:shock_type=3:shock_year=4,Outputs!E12,output_baseline[year=4],62.18725444354536,62.18725444354536,0.0,0.0,True,False,False
combo:country=Borvelia:shock_type=3:shock_year=4,Outputs!F12,output_baseline[year=5],61.487675962596306,61.487675962596306,0.0,0.0,True,False,False
combo:country=Borvelia:shock_type=3:shock_year=4,Outputs!B13,output_shocked[year=1],61.28985507246378,61.28985507246378,0.0,0.0,True,False,False
combo:country=Borvelia:shock_type=3:shock_year=4,Outputs!C13,output_shocked[year=2],62.0859413288525,62.08594132885249,7.105427357601002e-15,1.1444502902783528e-16,True,False,False
combo:country=Borvelia:shock_type=3:shock_year=4,Outputs!D13,output_shocked[year=3],62.38587341256677,62.38587341256675,1.4210854715202004e-14,2.2778962508424903e-16,True,False,False
combo:country=Borvelia:shock_type=3:shock_year=4,Outputs!E13,output_shocked[year=4],63.18725444354536,63.187254443545335,2.842170943040401e-14,4.498013037708005e-16,True,False,False
combo:country=Borvelia:shock_type=3:shock_year=4,Outputs!F13,output_shocked[year=5],63.492506880470714,63.49250688047067,4.263256414560601e-14,6.714581962540073e-16,True,False,False
combo:country=Borvelia:shock_type=3:shock_year=4,Outputs!B14,output_delta[year=1],0.0,-1.4210854715202004e-14,1.4210854715202004e-14,inf,True,False,False
combo:country=Borvelia:shock_type=3:shock_year=4,Outputs!C14,output_delta[year=2],0.0,-2.1316282072803006e-14,2.1316282072803006e-14,inf,True,False,False
combo:country=Borvelia:shock_type=3:shock_year=4,Outputs!D14,output_delta[year=3],0.0,-2.1316282072803006e-14,2.1316282072803006e-14,inf,True,False,False
combo:country=Borvelia:shock_type=3:shock_year=4,Outputs!E14,output_delta[year=4],1.0,0.9999999999999645,3.552713678800501e-14,3.552713678800501e-14,True,False,False
combo:country=Borvelia:shock_type=3:shock_year=4,Outputs!F14,output_delta[year=5],2.0048309178744077,2.004830917874365,4.263256414560601e-14,2.1264917537687695e-14,True,False,False
combo:country=Borvelia:shock_type=3:shock_year=5,Outputs!B12,output_baseline[year=1],61.28985507246378,61.28985507246378,0.0,0.0,True,False,False
combo:country=Borvelia:shock_type=3:shock_year=5,Outputs!C12,output_baseline[year=2],62.0859413288525,62.0859413288525,0.0,0.0,True,False,False
combo:country=Borvelia:shock_type=3:shock_year=5,Outputs!D12,output_baseline[year=3],62.38587341256677,62.38587341256677,0.0,0.0,True,False,False
combo:country=Borvelia:shock_type=3:shock_year=5,Outputs!E12,output_baseline[year=4],62.18725444354536,62.18725444354536,0.0,0.0,True,False,False
combo:country=Borvelia:shock_type=3:shock_year=5,Outputs!F12,output_baseline[year=5],61.487675962596306,61.487675962596306,0.0,0.0,True,False,False
combo:country=Borvelia:shock_type=3:shock_year=5,Outputs!B13,output_shocked[year=1],61.28985507246378,61.28985507246378,0.0,0.0,True,False,False
combo:country=Borvelia:shock_type=3:shock_year=5,Outputs!C13,output_shocked[year=2],62.0859413288525,62.08594132885249,7.105427357601002e-15,1.1444502902783528e-16,True,False,False
combo:country=Borvelia:shock_type=3:shock_year=5,Outputs!D13,output_shocked[year=3],62.38587341256677,62.38587341256675,1.4210854715202004e-14,2.2778962508424903e-16,True,False,False
combo:country=Borvelia:shock_type=3:shock_year=5,Outputs!E13,output_shocked[year=4],62.18725444354536,62.187254443545335,2.842170943040401e-14,4.570343181206964e-16,True,False,False
combo:country=Borvelia:shock_type=3:shock_year=5,Outputs!F13,output_shocked[year=5],62.487675962596306,62.487675962596285,2.1316282072803006e-14,3.4112777830883717e-16,True,False,False
combo:country=Borvelia:shock_type=3:shock_year=5,Outputs!B14,output_delta[year=1],0.0,-1.4210854715202004e-14,1.4210854715202004e-14,inf,True,False,False
combo:country=Borvelia:shock_type=3:shock_year=5,Outputs!C14,output_delta[year=2],0.0,-2.1316282072803006e-14,2.1316282072803006e-14,inf,True,False,False
combo:country=Borvelia:shock_type=3:shock_year=5,Outputs!D14,output_delta[year=3],0.0,-2.1316282072803006e-14,2.1316282072803006e-14,inf,True,False,False
combo:country=Borvelia:shock_type=3:shock_year=5,Outputs!E14,output_delta[year=4],0.0,-3.552713678800501e-14,3.552713678800501e-14,inf,True,False,False
combo:country=Borvelia:shock_type=3:shock_year=5,Outputs!F14,output_delta[year=5],1.0,0.9999999999999645,3.552713678800501e-14,3.552713678800501e-14,True,False,False
combo:country=Litellia:shock_type=1:shock_year=1,Outputs!B12,output_baseline[year=1],81.3864734299517,81.3864734299517,0.0,0.0,True,False,False
combo:country=Litellia:shock_type=1:shock_year=1,Outputs!C12,output_baseline[year=2],82.27964479917854,82.27964479917854,0.0,0.0,True,False,False
combo:country=Litellia:shock_type=1:shock_year=1,Outputs!D12,output_baseline[year=3],82.67713100593787,82.67713100593787,0.0,0.0,True,False,False
combo:country=Litellia:shock_type=1:shock_year=1,Outputs!E12,output_baseline[year=4],82.57653743591824,82.57653743591824,0.0,0.0,True,False,False
combo:country=Litellia:shock_type=1:shock_year=1,Outputs!F12,output_baseline[year=5],81.97545790662316,81.97545790662316,0.0,0.0,True,False,False
combo:country=Litellia:shock_type=1:shock_year=1,Outputs!B13,output_shocked[year=1],82.97044334975371,82.97044334975371,0.0,0.0,True,False,False
combo:country=Litellia:shock_type=1:shock_year=1,Outputs!C13,output_shocked[year=2],85.51405032881169,85.51405032881169,0.0,0.0,True,False,False
combo:country=Litellia:shock_type=1:shock_year=1,Outputs!D13,output_shocked[year=3],87.62030772607308,87.62030772607308,0.0,0.0,True,False,False
combo:country=Litellia:shock_type=1:shock_year=1,Outputs!E13,output_shocked[year=4],89.27844338435077,89.27844338435074,2.842170943040401e-14,3.183490700890281e-16,True,False,False
combo:country=Litellia:shock_type=1:shock_year=1,Outputs!F13,output_shocked[year=5],90.47741982238898,90.47741982238895,2.842170943040401e-14,3.1413041492780223e-16,True,False,False
combo:country=Litellia:shock_type=1:shock_year=1,Outputs!B14,output_delta[year=1],1.5839699198020014,1.5839699198020014,0.0,0.0,True,False,False
combo:country=Litellia:shock_type=1:shock_year=1,Outputs!C14,output_delta[year=2],3.2344055296331504,3.2344055296331504,0.0,0.0,True,False,False
combo:country=Litellia:shock_type=1:shock_year=1,Outputs!D14,output_delta[year=3],4.943176720135213,4.943176720135199,1.4210854715202004e-14,2.8748425394779913e-15,True,False,False
combo:country=Litellia:shock_type=1:shock_year=1,Outputs!E14,output_delta[year=4],6.701905948432525,6.701905948432497,2.842170943040401e-14,4.2408397923058615e-15,True,False,False
combo:country=Litellia:shock_type=1:shock_year=1,Outputs!F14,output_delta[year=5],8.501961915765818,8.501961915765776,4.263256414560601e-14,5.014438381163445e-15,True,False,False
combo:country=Litellia:shock_type=1:shock_year=2,Outputs!B12,output_baseline[year=1],81.3864734299517,81.3864734299517,0.0,0.0,True,False,False
combo:country=Litellia:shock_type=1:shock_year=2,Outputs!C12,output_baseline[year=2],82.27964479917854,82.27964479917854,0.0,0.0,True,False,False
combo:country=Litellia:shock_type=1:shock_year=2,Outputs!D12,output_baseline[year=3],82.67713100593787,82.67713100593787,0.0,0.0,True,False,False
combo:country=Litellia:shock_type=1:shock_year=2,Outputs!E12,output_baseline[year=4],82.57653743591824,82.57653743591824,0.0,0.0,True,False,False
combo:country=Litellia:shock_type=1:shock_year=2,Outputs!F12,output_baseline[year=5],81.97545790662316,81.97545790662316,0.0,0.0,True,False,False
combo:country=Litellia:shock_type=1:shock_year=2,Outputs!B13,output_shocked[year=1],81.3864734299517,81.3864734299517,0.0,0.0,True,False,False
combo:country=Litellia:shock_type=1:shock_year=2,Outputs!C13,output_shocked[year=2],83.89106637157614,83.89106637157613,1.4210854715202004e-14,1.6939652015219712e-16,True,False,False
combo:country=Litellia:shock_type=1:shock_year=2,Outputs!D13,output_shocked[year=3],85.95734879452138,85.95734879452137,1.4210854715202004e-14,1.6532448841776928e-16,True,False,False
combo:country=Litellia:shock_type=1:shock_year=2,Outputs!E13,output_shocked[year=4],87.57452487320418,87.57452487320417,1.4210854715202004e-14,1.6227155940357495e-16,True,False,False
combo:country=Litellia:shock_type=1:shock_year=2,Outputs!F13,output_shocked[year=5],88.73153287500725,88.73153287500723,1.4210854715202004e-14,1.6015563187914603e-16,True,False,False
combo:country=Litellia:shock_type=1:shock_year=2,Outputs!B14,output_delta[year=1],0.0,-1.4210854715202004e-14,1.4210854715202004e-14,inf,True,False,False
combo:country=Litellia:shock_type=1:shock_year=2,Outputs!C14,output_delta[year=2],1.611421572397603,1.6114215723975889,1.4210854715202004e-14,8.818831123166576e-15,True,False,False
combo:country=Litellia:shock_type=1:shock_year=2,Outputs!D14,output_delta[year=3],3.2802177885835135,3.2802177885834993,1.4210854715202004e-14,4.33228999753051e-15,True,False,False
combo:country=Litellia:shock_type=1:shock_year=2,Outputs!E14,output_delta[year=4],4.997987437285943,4.9979874372859285,1.4210854715202004e-14,2.8433154131573655e-15,True,False,False
combo:country=Litellia:shock_type=1:shock_year=2,Outputs!F14,output_delta[year=5],6.756074968384084,6.75607496838407,1.4210854715202004e-14,2.1034187426432528e-15,True,False,False
combo:country=Litellia:shock_type=1:shock_year=3,Outputs!B12,output_baseline[year=1],81.3864734299517,81.3864734299517,0.0,0.0,True,False,False
combo:country=Litellia:shock_type=1:shock_year=3,Outputs!C12,output_baseline[year=2],82.27964479917854,82.27964479917854,0.0,0.0,True,False,False
combo:country=Litellia:shock_type=1:shock_year=3,Outputs!D12,output_baseline[year=3],82.67713100593787,82.67713100593787,0.0,0.0,True,False,False
combo:country=Litellia:shock_type=1:shock_year=3,Outputs!E12,output_baseline[year=4],82.57653743591824,82.57653743591824,0.0,0.0,True,False,False
combo:country=Litellia:shock_type=1:shock_year=3,Outputs!F12,output_baseline[year=5],81.97545790662316,81.97545790662316,0.0,0.0,True,False,False
combo:country=Litellia:shock_type=1:shock_year=3,Outputs!B13,output_shocked[year=1],81.3864734299517,81.3864734299517,0.0,0.0,True,False,False
combo:country=Litellia:shock_type=1:shock_year=3,Outputs!C13,output_shocked[year=2],82.27964479917854,82.27964479917853,1.4210854715202004e-14,1.7271409897170438e-16,True,False,False
combo:country=Litellia:shock_type=1:shock_year=3,Outputs!D13,output_shocked[year=3],84.30623703561152,84.30623703561149,2.842170943040401e-14,3.37124635492846e-16,True,False,False
combo:country=Litellia:shock_type=1:shock_year=3,Outputs!E13,output_shocked[year=4],85.88274533698127,85.88274533698124,2.842170943040401e-14,3.309362005008655e-16,True,False,False
combo:country=Litellia:shock_type=1:shock_year=3,Outputs!F13,output_shocked[year=5],86.99808389207934,86.9980838920793,4.263256414560601e-14,4.900402656970179e-16,True,False,False
combo:country=Litellia:shock_type=1:shock_year=3,Outputs!B14,output_delta[year=1],0.0,-1.4210854715202004e-14,1.4210854715202004e-14,inf,True,False,False
combo:country=Litellia:shock_type=1:shock_year=3,Outputs!C14,output_delta[year=2],0.0,-2.842170943040401e-14,2.842170943040401e-14,inf,True,False,False
combo:country=Litellia:shock_type=1:shock_year=3,Outputs!D14,output_delta[year=3],1.6291060296736504,1.629106029673622,2.842170943040401e-14,1.7446199886754805e-14,True,False,False
combo:country=Litellia:shock_type=1:shock_year=3,Outputs!E14,output_delta[year=4],3.3062079010630328,3.30620790106299,4.263256414560601e-14,1.2894701549741782e-14,True,False,False
combo:country=Litellia:shock_type=1:shock_year=3,Outputs!F14,output_delta[year=5],5.022625985456173,5.022625985456131,4.263256414560601e-14,8.488102492412436e-15,True,False,False
combo:country=Litellia:shock_type=1:shock_year=4,Outputs!B12,output_baseline[year=1],81.3864734299517,81.3864734299517,0.0,0.0,True,False,False
combo:country=Litellia:shock_type=1:shock_year=4,Outputs!C12,output_baseline[year=2],82.27964479917854,82.27964479917854,0.0,0.0,True,False,False
combo:country=Litellia:shock_type=1:shock_year=4,Outputs!D12,output_baseline[year=3],82.67713100593787,82.67713100593787,0.0,0.0,True,False,False
combo:country=Litellia:shock_type=1:shock_year=4,Outputs!E12,output_baseline[year=4],82.57653743591824,82.57653743591824,0.0,0.0,True,False,False
combo:country=Litellia:shock_type=1:shock_year=4,Outputs!F12,output_baseline[year=5],81.97545790662316,81.97545790662316,0.0,0.0,True,False,False
combo:country=Litellia:shock_type=1:shock_year=4,Outputs!B13,output_shocked[year=1],81.3864734299517,81.3864734299517,0.0,0.0,True,False,False
combo:country=Litellia:shock_type=1:shock_year=4,Outputs!C13,output_shocked[year=2],82.27964479917854,82.27964479917853,1.4210854715202004e-14,1.7271409897170438e-16,True,False,False
combo:country=Litellia:shock_type=1:shock_year=4,Outputs!D13,output_shocked[year=3],82.67713100593787,82.67713100593784,2.842170943040401e-14,3.4376748545329616e-16,True,False,False
combo:country=Litellia:shock_type=1:shock_year=4,Outputs!E13,output_shocked[year=4],84.21351354302993,84.2135135430299,2.842170943040401e-14,3.374958273873894e-16,True,False,False
combo:country=Litellia:shock_type=1:shock_year=4,Outputs!F13,output_shocked[year=5],85.28773801453315,85.28773801453312,2.842170943040401e-14,3.332449668856373e-16,True,False,False
combo:country=Litellia:shock_type=1:shock_year=4,Outputs!B14,output_delta[year=1],0.0,-1.4210854715202004e-14,1.4210854715202004e-14,inf,True,False,False
combo:country=Litellia:shock_type=1:shock_year=4,Outputs!C14,output_delta[year=2],0.0,-2.842170943040401e-14,2.842170943040401e-14,inf,True,False,False
combo:country=Litellia:shock_type=1:shock_year=4,Outputs!D14,output_delta[year=3],0.0,-2.842170943040401e-14,2.842170943040401e-14,inf,True,False,False
combo:country=Litellia:shock_type=1:shock_year=4,Outputs!E14,output_delta[year=4],1.6369761071116926,1.6369761071116642,2.842170943040401e-14,1.7362323925760735e-14,True,False,False
combo:country=Litellia:shock_type=1:shock_year=4,Outputs!F14,output_delta[year=5],3.3122801079099844,3.3122801079099418,4.263256414560601e-14,1.2871062457488456e-14,True,False,False
combo:country=Litellia:shock_type=1:shock_year=5,Outputs!B12,output_baseline[year=1],81.3864734299517,81.3864734299517,0.0,0.0,True,False,False
combo:country=Litellia:shock_type=1:shock_year=5,Outputs!C12,output_baseline[year=2],82.27964479917854,82.27964479917854,0.0,0.0,True,False,False
combo:country=Litellia:shock_type=1:shock_year=5,Outputs!D12,output_baseline[year=3],82.67713100593787,82.67713100593787,0.0,0.0,True,False,False
combo:country=Litellia:shock_type=1:shock_year=5,Outputs!E12,output_baseline[year=4],82.57653743591824,82.57653743591824,0.0,0.0,True,False,False
combo:country=Litellia:shock_type=1:shock_year=5,Outputs!F12,output_baseline[year=5],81.97545790662316,81.97545790662316,0.0,0.0,True,False,False
combo:country=Litellia:shock_type=1:shock_year=5,Outputs!B13,output_shocked[year=1],81.3864734299517,81.3864734299517,0.0,0.0,True,False,False
combo:country=Litellia:shock_type=1:shock_year=5,Outputs!C13,output_shocked[year=2],82.27964479917854,82.27964479917853,1.4210854715202004e-14,1.7271409897170438e-16,True,False,False
combo:country=Litellia:shock_type=1:shock_year=5,Outputs!D13,output_shocked[year=3],82.67713100593787,82.67713100593784,2.842170943040401e-14,3.4376748545329616e-16,True,False,False
combo:country=Litellia:shock_type=1:shock_year=5,Outputs!E13,output_shocked[year=4],82.57653743591824,82.57653743591823,1.4210854715202004e-14,1.7209312907107584e-16,True,False,False
combo:country=Litellia:shock_type=1:shock_year=5,Outputs!F13,output_shocked[year=5],83.6104422988719,83.61044229887187,2.842170943040401e-14,3.3993014088848423e-16,True,False,False
combo:country=Litellia:shock_type=1:shock_year=5,Outputs!B14,output_delta[year=1],0.0,-1.4210854715202004e-14,1.4210854715202004e-14,inf,True,False,False
combo:country=Litellia:shock_type=1:shock_year=5,Outputs!C14,output_delta[year=2],0.0,-2.842170943040401e-14,2.842170943040401e-14,inf,True,False,False
combo:country=Litellia:shock_type=1:shock_year=5,Outputs!D14,output_delta[year=3],0.0,-2.842170943040401e-14,2.842170943040401e-14,inf,True,False,False
combo:country=Litellia:shock_type=1:shock_year=5,Outputs!E14,output_delta[year=4],0.0,-2.842170943040401e-14,2.842170943040401e-14,inf,True,False,False
combo:country=Litellia:shock_type=1:shock_year=5,Outputs!F14,output_delta[year=5],1.6349843922487395,1.634984392248711,2.842170943040401e-14,1.7383474463210686e-14,True,False,False
combo:country=Litellia:shock_type=2:shock_year=1,Outputs!B12,output_baseline[year=1],81.3864734299517,81.3864734299517,0.0,0.0,True,False,False
combo:country=Litellia:shock_type=2:shock_year=1,Outputs!C12,output_baseline[year=2],82.27964479917854,82.27964479917854,0.0,0.0,True,False,False
combo:country=Litellia:shock_type=2:shock_year=1,Outputs!D12,output_baseline[year=3],82.67713100593787,82.67713100593787,0.0,0.0,True,False,False
combo:country=Litellia:shock_type=2:shock_year=1,Outputs!E12,output_baseline[year=4],82.57653743591824,82.57653743591824,0.0,0.0,True,False,False
combo:country=Litellia:shock_type=2:shock_year=1,Outputs!F12,output_baseline[year=5],81.97545790662316,81.97545790662316,0.0,0.0,True,False,False
combo:country=Litellia:shock_type=2:shock_year=1,Outputs!B13,output_shocked[year=1],82.93236714975848,82.93236714975848,0.0,0.0,True,False,False
combo:country=Litellia:shock_type=2:shock_year=1,Outputs!C13,output_shocked[year=2],85.43556442390724,85.43556442390724,0.0,0.0,True,False,False
combo:country=Litellia:shock_type=2:shock_year=1,Outputs!D13,output_shocked[year=3],87.49922540033013,87.49922540033012,1.4210854715202004e-14,1.6241120592992572e-16,True,False,False
combo:country=Litellia:shock_type=2:shock_year=1,Outputs!E13,output_shocked[year=4],89.1127332602415,89.11273326024148,1.4210854715202004e-14,1.5947052901745428e-16,True,False,False
combo:country=Litellia:shock_type=2:shock_year=1,Outputs!F13,output_shocked[year=5],90.26521473995749,90.26521473995747,1.4210854715202004e-14,1.574344530851852e-16,True,False,False
combo:country=Litellia:shock_type=2:shock_year=1,Outputs!B14,output_delta[year=1],1.5458937198067702,1.545893719806756,1.4210854715202004e-14,9.192646643896255e-15,True,False,False
combo:country=Litellia:shock_type=2:shock_year=1,Outputs!C14,output_delta[year=2],3.1559196247286962,3.155919624728682,1.4210854715202004e-14,4.5029203544509356e-15,True,False,False
combo:country=Litellia:shock_type=2:shock_year=1,Outputs!D14,output_delta[year=3],4.822094394392266,4.822094394392252,1.4210854715202004e-14,2.9470295587179217e-15,True,False,False
combo:country=Litellia:shock_type=2:shock_year=1,Outputs!E14,output_delta[year=4],6.536195824323258,6.536195824323244,1.4210854715202004e-14,2.1741782371817724e-15,True,False,False
combo:country=Litellia:shock_type=2:shock_year=1,Outputs!F14,output_delta[year=5],8.289756833334323,8.289756833334309,1.4210854715202004e-14,1.714266775360416e-15,True,False,False
combo:country=Litellia:shock_type=2:shock_year=2,Outputs!B12,output_baseline[year=1],81.3864734299517,81.3864734299517,0.0,0.0,True,False,False
combo:country=Litellia:shock_type=2:shock_year=2,Outputs!C12,output_baseline[year=2],82.27964479917854,82.27964479917854,0.0,0.0,True,False,False
combo:country=Litellia:shock_type=2:shock_year=2,Outputs!D12,output_baseline[year=3],82.67713100593787,82.67713100593787,0.0,0.0,True,False,False
combo:country=Litellia:shock_type=2:shock_year=2,Outputs!E12,output_baseline[year=4],82.57653743591824,82.57653743591824,0.0,0.0,True,False,False
combo:country=Litellia:shock_type=2:shock_year=2,Outputs!F12,output_baseline[year=5],81.97545790662316,81.97545790662316,0.0,0.0,True,False,False
combo:country=Litellia:shock_type=2:shock_year=2,Outputs!B13,output_shocked[year=1],81.3864734299517,81.3864734299517,0.0,0.0,True,False,False
combo:country=Litellia:shock_type=2:shock_year=2,Outputs!C13,output_shocked[year=2],83.85233027608582,83.8523302760858,2.842170943040401e-14,3.389495478160815e-16,True,False,False
combo:country=Litellia:shock_type=2:shock_year=2,Outputs!D13,output_shocked[year=3],85.87774888178839,85.87774888178836,2.842170943040401e-14,3.3095545470721155e-16,True,False,False
combo:country=Litellia:shock_type=2:shock_year=2,Outputs!E13,output_shocked[year=4],87.45209064221808,87.45209064221804,4.263256414560601e-14,4.874962260196083e-16,True,False,False
combo:country=Litellia:shock_type=2:shock_year=2,Outputs!F13,output_shocked[year=5],88.56445998140211,88.56445998140207,4.263256414560601e-14,4.813732749520354e-16,True,False,False
combo:country=Litellia:shock_type=2:shock_year=2,Outputs!B14,output_delta[year=1],0.0,-1.4210854715202004e-14,1.4210854715202004e-14,inf,True,False,False
combo:country=Litellia:shock_type=2:shock_year=2,Outputs!C14,output_delta[year=2],1.5726854769072816,1.5726854769072531,2.842170943040401e-14,1.8072087424814202e-14,True,False,False
combo:country=Litellia:shock_type=2:shock_year=2,Outputs!D14,output_delta[year=3],3.2006178758505257,3.2006178758504973,2.842170943040401e-14,8.880069578081475e-15,True,False,False
combo:country=Litellia:shock_type=2:shock_year=2,Outputs!E14,output_delta[year=4],4.875553206299841,4.875553206299799,4.263256414560601e-14,8.744149092767414e-15,True,False,False
combo:country=Litellia:shock_type=2:shock_year=2,Outputs!F14,output_delta[year=5],6.589002074778946,6.5890020747788896,5.684341886080802e-14,8.627014867454727e-15,True,False,False
combo:country=Litellia:shock_type=2:shock_year=3,Outputs!B12,output_baseline[year=1],81.3864734299517,81.3864734299517,0.0,0.0,True,False,False
combo:country=Litellia:shock_type=2:shock_year=3,Outputs!C12,output_baseline[year=2],82.27964479917854,82.27964479917854,0.0,0.0,True,False,False
combo:country=Litellia:shock_type=2:shock_year=3,Outputs!D12,output_baseline[year=3],82.67713100593787,82.67713100593787,0.0,0.0,True,False,False
combo:country=Litellia:shock_type=2:shock_year=3,Outputs!E12,output_baseline[year=4],82.57653743591824,82.57653743591824,0.0,0.0,True,False,False
combo:country=Litellia:shock_type=2:shock_year=3,Outputs!F12,output_baseline[year=5],81.97545790662316,81.97545790662316,0.0,0.0,True,False,False
combo:country=Litellia:shock_type=2:shock_year=3,Outputs!B13,output_shocked[year=1],81.3864734299517,81.3864734299517,0.0,0.0,True,False,False
combo:country=Litellia:shock_type=2:shock_year=3,Outputs!C13,output_shocked[year=2],82.27964479917854,82.27964479917853,1.4210854715202004e-14,1.7271409897170438e-16,True,False,False
combo:country=Litellia:shock_type=2:shock_year=3,Outputs!D13,output_shocked[year=3],84.26707583297514,84.26707583297511,2.842170943040401e-14,3.372813064824792e-16,True,False,False
combo:country=Litellia:shock_type=2:shock_year=3,Outputs!E13,output_shocked[year=4],85.80251244729823,85.8025124472982,2.842170943040401e-14,3.312456549318558e-16,True,False,False
combo:country=Litellia:shock_type=2:shock_year=3,Outputs!F13,output_shocked[year=5],86.875036902547,86.87503690254695,4.263256414560601e-14,4.907343428634114e-16,True,False,False
combo:country=Litellia:shock_type=2:shock_year=3,Outputs!B14,output_delta[year=1],0.0,-1.4210854715202004e-14,1.4210854715202004e-14,inf,True,False,False
combo:country=Litellia:shock_type=2:shock_year=3,Outputs!C14,output_delta[year=2],0.0,-2.842170943040401e-14,2.842170943040401e-14,inf,True,False,False
combo:country=Litellia:shock_type=2:shock_year=3,Outputs!D14,output_delta[year=3],1.5899448270372716,1.5899448270372432,2.842170943040401e-14,1.7875909243571347e-14,True,False,False
combo:country=Litellia:shock_type=2:shock_year=3,Outputs!E14,output_delta[year=4],3.2259750113799868,3.225975011379944,4.263256414560601e-14,1.3215404333640181e-14,True,False,False
combo:country=Litellia:shock_type=2:shock_year=3,Outputs!F14,output_delta[year=5],4.899578995923832,4.899578995923775,5.684341886080802e-14,1.160169453499953e-14,True,False,False
combo:country=Litellia:shock_type=2:shock_year=4,Outputs!B12,output_baseline[year=1],81.3864734299517,81.3864734299517,0.0,0.0,True,False,False
combo:country=Litellia:shock_type=2:shock_year=4,Outputs!C12,output_baseline[year=2],82.27964479917854,82.27964479917854,0.0,0.0,True,False,False
combo:country=Litellia:shock_type=2:shock_year=4,Outputs!D12,output_baseline[year=3],82.67713100593787,82.67713100593787,0.0,0.0,True,False,False
combo:country=Litellia:shock_type=2:shock_year=4,Outputs!E12,output_baseline[year=4],82.57653743591824,82.57653743591824,0.0,0.0,True,False,False
combo:country=Litellia:shock_type=2:shock_year=4,Outputs!F12,output_baseline[year=5],81.97545790662316,81.97545790662316,0.0,0.0,True,False,False
combo:country=Litellia:shock_type=2:shock_year=4,Outputs!B13,output_shocked[year=1],81.3864734299517,81.3864734299517,0.0,0.0,True,False,False
combo:country=Litellia:shock_type=2:shock_year=4,Outputs!C13,output_shocked[year=2],82.27964479917854,82.27964479917853,1.4210854715202004e-14,1.7271409897170438e-16,True,False,False
combo:country=Litellia:shock_type=2:shock_year=4,Outputs!D13,output_shocked[year=3],82.67713100593787,82.67713100593784,2.842170943040401e-14,3.4376748545329616e-16,True,False,False
combo:country=Litellia:shock_type=2:shock_year=4,Outputs!E13,output_shocked[year=4],84.17416315583976,84.17416315583972,4.263256414560601e-14,5.064804038108015e-16,True,False,False
combo:country=Litellia:shock_type=2:shock_year=4,Outputs!F13,output_shocked[year=5],85.2073555025992,85.20735550259914,5.684341886080802e-14,6.671186838919562e-16,True,False,False
combo:country=Litellia:shock_type=2:shock_year=4,Outputs!B14,output_delta[year=1],0.0,-1.4210854715202004e-14,1.4210854715202004e-14,inf,True,False,False
combo:country=Litellia:shock_type=2:shock_year=4,Outputs!C14,output_delta[year=2],0.0,-2.842170943040401e-14,2.842170943040401e-14,inf,True,False,False
combo:country=Litellia:shock_type=2:shock_year=4,Outputs!D14,output_delta[year=3],0.0,-2.842170943040401e-14,2.842170943040401e-14,inf,True,False,False
combo:country=Litellia:shock_type=2:shock_year=4,Outputs!E14,output_delta[year=4],1.597625719921524,1.5976257199214814,4.263256414560601e-14,2.6684951058311792e-14,True,False,False
combo:country=Litellia:shock_type=2:shock_year=4,Outputs!F14,output_delta[year=5],3.2318975959760365,3.2318975959759797,5.684341886080802e-14,1.758824875255407e-14,True,False,False
combo:country=Litellia:shock_type=2:shock_year=5,Outputs!B12,output_baseline[year=1],81.3864734299517,81.3864734299517,0.0,0.0,True,False,False
combo:country=Litellia:shock_type=2:shock_year=5,Outputs!C12,output_baseline[year=2],82.27964479917854,82.27964479917854,0.0,0.0,True,False,False
combo:country=Litellia:shock_type=2:shock_year=5,Outputs!D12,output_baseline[year=3],82.67713100593787,82.67713100593787,0.0,0.0,True,False,False
combo:country=Litellia:shock_type=2:shock_year=5,Outputs!E12,output_baseline[year=4],82.57653743591824,82.57653743591824,0.0,0.0,True,False,False
combo:country=Litellia:shock_type=2:shock_year=5,Outputs!F12,output_baseline[year=5],81.97545790662316,81.97545790662316,0.0,0.0,True,False,False
combo:country=Litellia:shock_type=2:shock_year=5,Outputs!B13,output_shocked[year=1],81.3864734299517,81.3864734299517,0.0,0.0,True,False,False
combo:country=Litellia:shock_type=2:shock_year=5,Outputs!C13,output_shocked[year=2],82.27964479917854,82.27964479917853,1.4210854715202004e-14,1.7271409897170438e-16,True,False,False
combo:country=Litellia:shock_type=2:shock_year=5,Outputs!D13,output_shocked[year=3],82.67713100593787,82.67713100593784,2.842170943040401e-14,3.4376748545329616e-16,True,False,False
combo:country=Litellia:shock_type=2:shock_year=5,Outputs!E13,output_shocked[year=4],82.57653743591824,82.57653743591823,1.4210854715202004e-14,1.7209312907107584e-16,True,False,False
combo:country=Litellia:shock_type=2:shock_year=5,Outputs!F13,output_shocked[year=5],83.57113978944285,83.57113978944282,2.842170943040401e-14,3.4009000597589536e-16,True,False,False
combo:country=Litellia:shock_type=2:shock_year=5,Outputs!B14,output_delta[year=1],0.0,-1.4210854715202004e-14,1.4210854715202004e-14,inf,True,False,False
combo:country=Litellia:shock_type=2:shock_year=5,Outputs!C14,output_delta[year=2],0.0,-2.842170943040401e-14,2.842170943040401e-14,inf,True,False,False
combo:country=Litellia:shock_type=2:shock_year=5,Outputs!D14,output_delta[year=3],0.0,-2.842170943040401e-14,2.842170943040401e-14,inf,True,False,False
combo:country=Litellia:shock_type=2:shock_year=5,Outputs!E14,output_delta[year=4],0.0,-2.842170943040401e-14,2.842170943040401e-14,inf,True,False,False
combo:country=Litellia:shock_type=2:shock_year=5,Outputs!F14,output_delta[year=5],1.5956818828196901,1.5956818828196475,4.263256414560601e-14,2.671745828828429e-14,True,False,False
combo:country=Litellia:shock_type=3:shock_year=1,Outputs!B12,output_baseline[year=1],81.3864734299517,81.3864734299517,0.0,0.0,True,False,False
combo:country=Litellia:shock_type=3:shock_year=1,Outputs!C12,output_baseline[year=2],82.27964479917854,82.27964479917854,0.0,0.0,True,False,False
combo:country=Litellia:shock_type=3:shock_year=1,Outputs!D12,output_baseline[year=3],82.67713100593787,82.67713100593787,0.0,0.0,True,False,False
combo:country=Litellia:shock_type=3:shock_year=1,Outputs!E12,output_baseline[year=4],82.57653743591824,82.57653743591824,0.0,0.0,True,False,False
combo:country=Litellia:shock_type=3:shock_year=1,Outputs!F12,output_baseline[year=5],81.97545790662316,81.97545790662316,0.0,0.0,True,False,False
combo:country=Litellia:shock_type=3:shock_year=1,Outputs!B13,output_shocked[year=1],82.3864734299517,82.3864734299517,0.0,0.0,True,False,False
combo:country=Litellia:shock_type=3:shock_year=1,Outputs!C13,output_shocked[year=2],84.28447571705294,84.28447571705293,1.4210854715202004e-14,1.6860583867079543e-16,True,False,False
combo:country=Litellia:shock_type=3:shock_year=1,Outputs!D13,output_shocked[year=3],85.69164709732857,85.69164709732854,2.842170943040401e-14,3.316742108845525e-16,True,False,False
combo:country=Litellia:shock_type=3:shock_year=1,Outputs!E13,output_shocked[year=4],86.6056164069775,86.60561640697746,4.263256414560601e-14,4.922609631373891e-16,True,False,False
combo:country=Litellia:shock_type=3:shock_year=1,Outputs!F13,output_shocked[year=5],87.02400102730107,87.02400102730103,4.263256414560601e-14,4.898943238915362e-16,True,False,False
combo:country=Litellia:shock_type=3:shock_year=1,Outputs!B14,output_delta[year=1],1.0,0.9999999999999858,1.4210854715202004e-14,1.4210854715202004e-14,True,False,False
combo:country=Litellia:shock_type=3:shock_year=1,Outputs!C14,output_delta[year=2],2.0048309178744006,2.004830917874372,2.842170943040401e-14,1.4176611691791847e-14,True,False,False
combo:country=Litellia:shock_type=3:shock_year=1,Outputs!D14,output_delta[year=3],3.0145160913907034,3.014516091390661,4.263256414560601e-14,1.4142423809699451e-14,True,False,False
combo:country=Litellia:shock_type=3:shock_year=1,Outputs!E14,output_delta[year=4],4.029078971059263,4.029078971059221,4.263256414560601e-14,1.0581218301213321e-14,True,False,False
combo:country=Litellia:shock_type=3:shock_year=1,Outputs!F14,output_delta[year=5],5.0485431206779054,5.048543120677863,4.263256414560601e-14,8.444528079990217e-15,True,False,False
combo:country=Litellia:shock_type=3:shock_year=2,Outputs!B12,output_baseline[year=1],81.3864734299517,81.3864734299517,0.0,0.0,True,False,False
combo:country=Litellia:shock_type=3:shock_year=2,Outputs!C12,output_baseline[year=2],82.27964479917854,82.27964479917854,0.0,0.0,True,False,False
combo:country=Litellia:shock_type=3:shock_year=2,Outputs!D12,output_baseline[year=3],82.67713100593787,82.67713100593787,0.0,0.0,True,False,False
combo:country=Litellia:shock_type=3:shock_year=2,Outputs!E12,output_baseline[year=4],82.57653743591824,82.57653743591824,0.0,0.0,True,False,False
combo:country=Litellia:shock_type=3:shock_year=2,Outputs!F12,output_baseline[year=5],81.97545790662316,81.97545790662316,0.0,0.0,True,False,False
combo:country=Litellia:shock_type=3:shock_year=2,Outputs!B13,output_shocked[year=1],81.3864734299517,81.3864734299517,0.0,0.0,True,False,False
combo:country=Litellia:shock_type=3:shock_year=2,Outputs!C13,output_shocked[year=2],83.27964479917854,83.27964479917853,1.4210854715202004e-14,1.7064019364480018e-16,True,False,False
combo:country=Litellia:shock_type=3:shock_year=2,Outputs!D13,output_shocked[year=3],84.68196192381227,84.68196192381224,2.842170943040401e-14,3.3562884922263384e-16,True,False,False
combo:country=Litellia:shock_type=3:shock_year=2,Outputs!E13,output_shocked[year=4],85.59105352730894,85.5910535273089,4.263256414560601e-14,4.980960321046116e-16,True,False,False
combo:country=Litellia:shock_type=3:shock_year=2,Outputs!F13,output_shocked[year=5],86.00453687768243,86.00453687768238,4.263256414560601e-14,4.957013396425702e-16,True,False,False
combo:country=Litellia:shock_type=3:shock_year=2,Outputs!B14,output_delta[year=1],0.0,-1.4210854715202004e-14,1.4210854715202004e-14,inf,True,False,False
combo:country=Litellia:shock_type=3:shock_year=2,Outputs!C14,output_delta[year=2],1.0,0.9999999999999716,2.842170943040401e-14,2.842170943040401e-14,True,False,False
combo:country=Litellia:shock_type=3:shock_year=2,Outputs!D14,output_delta[year=3],2.0048309178744006,2.004830917874358,4.263256414560601e-14,2.126491753768777e-14,True,False,False
combo:country=Litellia:shock_type=3:shock_year=2,Outputs!E14,output_delta[year=4],3.0145160913907034,3.014516091390661,4.263256414560601e-14,1.4142423809699451e-14,True,False,False
combo:country=Litellia:shock_type=3:shock_year=2,Outputs!F14,output_delta[year=5],4.029078971059263,4.0290789710592065,5.684341886080802e-14,1.4108291068284427e-14,True,False,False
combo:country=Litellia:shock_type=3:shock_year=3,Outputs!B12,output_baseline[year=1],81.3864734299517,81.3864734299517,0.0,0.0,True,False,False
combo:country=Litellia:shock_type=3:shock_year=3,Outputs!C12,output_baseline[year=2],82.27964479917854,82.27964479917854,0.0,0.0,True,False,False
combo:country=Litellia:shock_type=3:shock_year=3,Outputs!D12,output_baseline[year=3],82.67713100593787,82.67713100593787,0.0,0.0,True,False,False
combo:country=Litellia:shock_type=3:shock_year=3,Outputs!E12,output_baseline[year=4],82.57653743591824,82.57653743591824,0.0,0.0,True,False,False
combo:country=Litellia:shock_type=3:shock_year=3,Outputs!F12,output_baseline[year=5],81.97545790662316,81.97545790662316,0.0,0.0,True,False,False
combo:country=Litellia:shock_type=3:shock_year=3,Outputs!B13,output_shocked[year=1],81.3864734299517,81.3864734299517,0.0,0.0,True,False,False
combo:country=Litellia:shock_type=3:shock_year=3,Outputs!C13,output_shocked[year=2],82.27964479917854,82.27964479917853,1.4210854715202004e-14,1.7271409897170438e-16,True,False,False
combo:country=Litellia:shock_type=3:shock_year=3,Outputs!D13,output_shocked[year=3],83.67713100593787,83.67713100593784,2.842170943040401e-14,3.39659224554283e-16,True,False,False
combo:country=Litellia:shock_type=3:shock_year=3,Outputs!E13,output_shocked[year=4],84.58136835379266,84.58136835379263,2.842170943040401e-14,3.3602801637731566e-16,True,False,False
combo:country=Litellia:shock_type=3:shock_year=3,Outputs!F13,output_shocked[year=5],84.98997399801388,84.98997399801384,4.263256414560601e-14,5.01618745601714e-16,True,False,False
combo:country=Litellia:shock_type=3:shock_year=3,Outputs!B14,output_delta[year=1],0.0,-1.4210854715202004e-14,1.4210854715202004e-14,inf,True,False,False
combo:country=Litellia:shock_type=3:shock_year=3,Outputs!C14,output_delta[year=2],0.0,-2.842170943040401e-14,2.842170943040401e-14,inf,True,False,False
combo:country=Litellia:shock_type=3:shock_year=3,Outputs!D14,output_delta[year=3],1.0,0.9999999999999716,2.842170943040401e-14,2.842170943040401e-14,True,False,False
combo:country=Litellia:shock_type=3:shock_year=3,Outputs!E14,output_delta[year=4],2.004830917874415,2.004830917874372,4.263256414560601e-14,2.126491753768762e-14,True,False,False
combo:country=Litellia:shock_type=3:shock_year=3,Outputs!F14,output_delta[year=5],3.0145160913907176,3.014516091390675,4.263256414560601e-14,1.4142423809699385e-14,True,False,False
combo:country=Litellia:shock_type=3:shock_year=4,Outputs!B12,output_baseline[year=1],81.3864734299517,81.3864734299517,0.0,0.0,True,False,False
combo:country=Litellia:shock_type=3:shock_year=4,Outputs!C12,output_baseline[year=2],82.27964479917854,82.27964479917854,0.0,0.0,True,False,False
combo:country=Litellia:shock_type=3:shock_year=4,Outputs!D12,output_baseline[year=3],82.67713100593787,82.67713100593787,0.0,0.0,True,False,False
combo:country=Litellia:shock_type=3:shock_year=4,Outputs!E12,output_baseline[year=4],82.57653743591824,82.57653743591824,0.0,0.0,True,False,False
combo:country=Litellia:shock_type=3:shock_year=4,Outputs!F12,output_baseline[year=5],81.97545790662316,81.97545790662316,0.0,0.0,True,False,False
combo:country=Litellia:shock_type=3:shock_year=4,Outputs!B13,output_shocked[year=1],81.3864734299517,81.3864734299517,0.0,0.0,True,False,False
combo:country=Litellia:shock_type=3:shock_year=4,Outputs!C13,output_shocked[year=2],82.27964479917854,82.27964479917853,1.4210854715202004e-14,1.7271409897170438e-16,True,False,False
combo:country=Litellia:shock_type=3:shock_year=4,Outputs!D13,output_shocked[year=3],82.67713100593787,82.67713100593784,2.842170943040401e-14,3.4376748545329616e-16,True,False,False
combo:country=Litellia:shock_type=3:shock_year=4,Outputs!E13,output_shocked[year=4],83.57653743591824,83.57653743591823,1.4210854715202004e-14,1.70034020924809e-16,True,False,False
combo:country=Litellia:shock_type=3:shock_year=4,Outputs!F13,output_shocked[year=5],83.98028882449756,83.98028882449753,2.842170943040401e-14,3.3843309934072556e-16,True,False,False
combo:country=Litellia:shock_type=3:shock_year=4,Outputs!B14,output_delta[year=1],0.0,-1.4210854715202004e-14,1.4210854715202004e-14,inf,True,False,False
combo:country=Litellia:shock_type=3:shock_year=4,Outputs!C14,output_delta[year=2],0.0,-2.842170943040401e-14,2.842170943040401e-14,inf,True,False,False
combo:country=Litellia:shock_type=3:shock_year=4,Outputs!D14,output_delta[year=3],0.0,-2.842170943040401e-14,2.842170943040401e-14,inf,True,False,False
combo:country=Litellia:shock_type=3:shock_year=4,Outputs!E14,output_delta[year=4],1.0,0.9999999999999716,2.842170943040401e-14,2.842170943040401e-14,True,False,False
combo:country=Litellia:shock_type=3:shock_year=4,Outputs!F14,output_delta[year=5],2.0048309178744006,2.004830917874372,2.842170943040401e-14,1.4176611691791847e-14,True,False,False
combo:country=Litellia:shock_type=3:shock_year=5,Outputs!B12,output_baseline[year=1],81.3864734299517,81.3864734299517,0.0,0.0,True,False,False
combo:country=Litellia:shock_type=3:shock_year=5,Outputs!C12,output_baseline[year=2],82.27964479917854,82.27964479917854,0.0,0.0,True,False,False
combo:country=Litellia:shock_type=3:shock_year=5,Outputs!D12,output_baseline[year=3],82.67713100593787,82.67713100593787,0.0,0.0,True,False,False
combo:country=Litellia:shock_type=3:shock_year=5,Outputs!E12,output_baseline[year=4],82.57653743591824,82.57653743591824,0.0,0.0,True,False,False
combo:country=Litellia:shock_type=3:shock_year=5,Outputs!F12,output_baseline[year=5],81.97545790662316,81.97545790662316,0.0,0.0,True,False,False
combo:country=Litellia:shock_type=3:shock_year=5,Outputs!B13,output_shocked[year=1],81.3864734299517,81.3864734299517,0.0,0.0,True,False,False
combo:country=Litellia:shock_type=3:shock_year=5,Outputs!C13,output_shocked[year=2],82.27964479917854,82.27964479917853,1.4210854715202004e-14,1.7271409897170438e-16,True,False,False
combo:country=Litellia:shock_type=3:shock_year=5,Outputs!D13,output_shocked[year=3],82.67713100593787,82.67713100593784,2.842170943040401e-14,3.4376748545329616e-16,True,False,False
combo:country=Litellia:shock_type=3:shock_year=5,Outputs!E13,output_shocked[year=4],82.57653743591824,82.57653743591823,1.4210854715202004e-14,1.7209312907107584e-16,True,False,False
combo:country=Litellia:shock_type=3:shock_year=5,Outputs!F13,output_shocked[year=5],82.97545790662316,82.97545790662313,2.842170943040401e-14,3.4253151651646823e-16,True,False,False
combo:country=Litellia:shock_type=3:shock_year=5,Outputs!B14,output_delta[year=1],0.0,-1.4210854715202004e-14,1.4210854715202004e-14,inf,True,False,False
combo:country=Litellia:shock_type=3:shock_year=5,Outputs!C14,output_delta[year=2],0.0,-2.842170943040401e-14,2.842170943040401e-14,inf,True,False,False
combo:country=Litellia:shock_type=3:shock_year=5,Outputs!D14,output_delta[year=3],0.0,-2.842170943040401e-14,2.842170943040401e-14,inf,True,False,False
combo:country=Litellia:shock_type=3:shock_year=5,Outputs!E14,output_delta[year=4],0.0,-2.842170943040401e-14,2.842170943040401e-14,inf,True,False,False
combo:country=Litellia:shock_type=3:shock_year=5,Outputs!F14,output_delta[year=5],1.0,0.9999999999999716,2.842170943040401e-14,2.842170943040401e-14,True,False,False
combo:country=Aurelium:shock_type=1:shock_year=1,Outputs!B12,output_baseline[year=1],41.19323671497585,41.19323671497585,0.0,0.0,True,False,False
combo:country=Aurelium:shock_type=1:shock_year=1,Outputs!C12,output_baseline[year=2],41.89223785852647,41.89223785852647,0.0,0.0,True,False,False
combo:country=Aurelium:shock_type=1:shock_year=1,Outputs!D12,output_baseline[year=3],42.09461581919568,42.09461581919568,0.0,0.0,True,False,False
combo:country=Aurelium:shock_type=1:shock_year=1,Outputs!E12,output_baseline[year=4],41.79797145117248,41.79797145117248,0.0,0.0,True,False,False
combo:country=Aurelium:shock_type=1:shock_year=1,Outputs!F12,output_baseline[year=5],40.99989401856945,40.99989401856945,0.0,0.0,True,False,False
combo:country=Aurelium:shock_type=1:shock_year=1,Outputs!B13,output_shocked[year=1],41.985221674876854,41.985221674876854,0.0,0.0,True,False,False
combo:country=Aurelium:shock_type=1:shock_year=1,Outputs!C13,output_shocked[year=2],43.5193404353418,43.5193404353418,0.0,0.0,True,False,False
combo:country=Aurelium:shock_type=1:shock_year=1,Outputs!D13,output_shocked[year=3],44.591245372172885,44.591245372172885,0.0,0.0,True,False,False
combo:country=Aurelium:shock_type=1:shock_year=1,Outputs!E13,output_shocked[year=4],45.1895519084333,45.1895519084333,0.0,0.0,True,False,False
combo:country=Aurelium:shock_type=1:shock_year=1,Outputs!F13,output_shocked[year=5],45.30259505888733,45.30259505888733,0.0,0.0,True,False,False
combo:country=Aurelium:shock_type=1:shock_year=1,Outputs!B14,output_delta[year=1],0.7919849599010007,0.7919849599010007,0.0,0.0,True,False,False
combo:country=Aurelium:shock_type=1:shock_year=1,Outputs!C14,output_delta[year=2],1.6271025768153322,1.6271025768153322,0.0,0.0,True,False,False
combo:country=Aurelium:shock_type=1:shock_year=1,Outputs!D14,output_delta[year=3],2.496629552977204,2.496629552977204,0.0,0.0,True,False,False
combo:country=Aurelium:shock_type=1:shock_year=1,Outputs!E14,output_delta[year=4],3.3915804572608224,3.3915804572608224,0.0,0.0,True,False,False
combo:country=Aurelium:shock_type=1:shock_year=1,Outputs!F14,output_delta[year=5],4.302701040317878,4.302701040317878,0.0,0.0,True,False,False
combo:country=Aurelium:shock_type=1:shock_year=2,Outputs!B12,output_baseline[year=1],41.19323671497585,41.19323671497585,0.0,0.0,True,False,False
combo:country=Aurelium:shock_type=1:shock_year=2,Outputs!C12,output_baseline[year=2],41.89223785852647,41.89223785852647,0.0,0.0,True,False,False
combo:country=Aurelium:shock_type=1:shock_year=2,Outputs!D12,output_baseline[year=3],42.09461581919568,42.09461581919568,0.0,0.0,True,False,False
combo:country=Aurelium:shock_type=1:shock_year=2,Outputs!E12,output_baseline[year=4],41.79797145117248,41.79797145117248,0.0,0.0,True,False,False
combo:country=Aurelium:shock_type=1:shock_year=2,Outputs!F12,output_baseline[year=5],40.99989401856945,40.99989401856945,0.0,0.0,True,False,False
combo:country=Aurelium:shock_type=1:shock_year=2,Outputs!B13,output_shocked[year=1],41.19323671497585,41.19323671497585,0.0,0.0,True,False,False
combo:country=Aurelium:shock_type=1:shock_year=2,Outputs!C13,output_shocked[year=2],42.70784845672404,42.70784845672403,7.105427357601002e-15,1.6637287089751075e-16,True,False,False
combo:country=Aurelium:shock_type=1:shock_year=2,Outputs!D13,output_shocked[year=3],43.75976590639705,43.759765906397035,1.4210854715202004e-14,3.24747046078795e-16,True,False,False
combo:country=Aurelium:shock_type=1:shock_year=2,Outputs!E13,output_shocked[year=4],44.33759265286004,44.33759265286001,2.842170943040401e-14,6.410296033194901e-16,True,False,False
combo:country=Aurelium:shock_type=1:shock_year=2,Outputs!F13,output_shocked[year=5],44.4296515851965,44.429651585196474,2.842170943040401e-14,6.397013799647672e-16,True,False,False
combo:country=Aurelium:shock_type=1:shock_year=2,Outputs!B14,output_delta[year=1],0.0,-7.105427357601002e-15,7.105427357601002e-15,inf,True,False,False
combo:country=Aurelium:shock_type=1:shock_year=2,Outputs!C14,output_delta[year=2],0.8156105981975657,0.8156105981975514,1.4210854715202004e-14,1.7423577803680897e-14,True,False,False
combo:country=Aurelium:shock_type=1:shock_year=2,Outputs!D14,output_delta[year=3],1.6651500872013685,1.6651500872013472,2.1316282072803006e-14,1.2801417864157493e-14,True,False,False
combo:country=Aurelium:shock_type=1:shock_year=2,Outputs!E14,output_delta[year=4],2.5396212016875594,2.539621201687531,2.842170943040401e-14,1.119131837910236e-14,True,False,False
combo:country=Aurelium:shock_type=1:shock_year=2,Outputs!F14,output_delta[year=5],3.4297575666270532,3.4297575666270177,3.552713678800501e-14,1.0358497968981426e-14,True,False,False
combo:country=Aurelium:shock_type=1:shock_year=3,Outputs!B12,output_baseline[year=1],41.19323671497585,41.19323671497585,0.0,0.0,True,False,False
combo:country=Aurelium:shock_type=1:shock_year=3,Outputs!C12,output_baseline[year=2],41.89223785852647,41.89223785852647,0.0,0.0,True,False,False
combo:country=Aurelium:shock_type=1:shock_year=3,Outputs!D12,output_baseline[year=3],42.09461581919568,42.09461581919568,0.0,0.0,True,False,False
combo:country=Aurelium:shock_type=1:shock_year=3,Outputs!E12,output_baseline[year=4],41.79797145117248,41.79797145117248,0.0,0.0,True,False,False
combo:country=Aurelium:shock_type=1:shock_year=3,Outputs!F12,output_baseline[year=5],40.99989401856945,40.99989401856945,0.0,0.0,True,False,False
combo:country=Aurelium:shock_type=1:shock_year=3,Outputs!B13,output_shocked[year=1],41.19323671497585,41.19323671497585,0.0,0.0,True,False,False
combo:country=Aurelium:shock_type=1:shock_year=3,Outputs!C13,output_shocked[year=2],41.89223785852647,41.892237858526464,7.105427357601002e-15,1.6961202649513768e-16,True,False,False
combo:country=Aurelium:shock_type=1:shock_year=3,Outputs!D13,output_shocked[year=3],42.92406637720939,42.92406637720938,1.4210854715202004e-14,3.310696286395476e-16,True,False,False
combo:country=Aurelium:shock_type=1:shock_year=3,Outputs!E13,output_shocked[year=4],43.48130939142638,43.48130939142636,2.1316282072803006e-14,4.902401139972601e-16,True,False,False
combo:country=Aurelium:shock_type=1:shock_year=3,Outputs!F13,output_shocked[year=5],43.55227760303787,43.55227760303785,2.1316282072803006e-14,4.894412702612858e-16,True,False,False
combo:country=Aurelium:shock_type=1:shock_year=3,Outputs!B14,output_delta[year=1],0.0,-7.105427357601002e-15,7.105427357601002e-15,inf,True,False,False
combo:country=Aurelium:shock_type=1:shock_year=3,Outputs!C14,output_delta[year=2],0.0,-1.4210854715202004e-14,1.4210854715202004e-14,inf,True,False,False
combo:country=Aurelium:shock_type=1:shock_year=3,Outputs!D14,output_delta[year=3],0.8294505580137113,0.829450558013697,1.4210854715202004e-14,1.713285328209652e-14,True,False,False
combo:country=Aurelium:shock_type=1:shock_year=3,Outputs!E14,output_delta[year=4],1.6833379402538995,1.6833379402538853,1.4210854715202004e-14,8.442068805897981e-15,True,False,False
combo:country=Aurelium:shock_type=1:shock_year=3,Outputs!F14,output_delta[year=5],2.552383584468423,2.5523835844684086,1.4210854715202004e-14,5.567679874481584e-15,True,False,False
combo:country=Aurelium:shock_type=1:shock_year=4,Outputs!B12,output_baseline[year=1],41.19323671497585,41.19323671497585,0.0,0.0,True,False,False
combo:country=Aurelium:shock_type=1:shock_year=4,Outputs!C12,output_baseline[year=2],41.89223785852647,41.89223785852647,0.0,0.0,True,False,False
combo:country=Aurelium:shock_type=1:shock_year=4,Outputs!D12,output_baseline[year=3],42.09461581919568,42.09461581919568,0.0,0.0,True,False,False
combo:country=Aurelium:shock_type=1:shock_year=4,Outputs!E12,output_baseline[year=4],41.79797145117248,41.79797145117248,0.0,0.0,True,False,False
combo:country=Aurelium:shock_type=1:shock_year=4,Outputs!F12,output_baseline[year=5],40.99989401856945,40.99989401856945,0.0,0.0,True,False,False
combo:country=Aurelium:shock_type=1:shock_year=4,Outputs!B13,output_shocked[year=1],41.19323671497585,41.19323671497585,0.0,0.0,True,False,False
combo:country=Aurelium:shock_type=1:shock_year=4,Outputs!C13,output_shocked[year=2],41.89223785852647,41.892237858526464,7.105427357601002e-15,1.6961202649513768e-16,True,False,False
combo:country=Aurelium:shock_type=1:shock_year=4,Outputs!D13,output_shocked[year=3],42.09461581919568,42.09461581919567,1.4210854715202004e-14,3.375931681201298e-16,True,False,False
combo:country=Aurelium:shock_type=1:shock_year=4,Outputs!E13,output_shocked[year=4],42.63142901671282,42.6314290167128,2.1316282072803006e-14,5.000133132869267e-16,True,False,False
combo:country=Aurelium:shock_type=1:shock_year=4,Outputs!F13,output_shocked[year=5],42.68146421416881,42.6814642141688,1.4210854715202004e-14,3.32951433997067e-16,True,False,False
combo:country=Aurelium:shock_type=1:shock_year=4,Outputs!B14,output_delta[year=1],0.0,-7.105427357601002e-15,7.105427357601002e-15,inf,True,False,False
combo:country=Aurelium:shock_type=1:shock_year=4,Outputs!C14,output_delta[year=2],0.0,-1.4210854715202004e-14,1.4210854715202004e-14,inf,True,False,False
combo:country=Aurelium:shock_type=1:shock_year=4,Outputs!D14,output_delta[year=3],0.0,-1.4210854715202004e-14,1.4210854715202004e-14,inf,True,False,False
combo:country=Aurelium:shock_type=1:shock_year=4,Outputs!E14,output_delta[year=4],0.8334575655403427,0.8334575655403285,1.4210854715202004e-14,1.7050483795163464e-14,True,False,False
combo:country=Aurelium:shock_type=1:shock_year=4,Outputs!F14,output_delta[year=5],1.6815701955993632,1.6815701955993418,2.1316282072803006e-14,1.2676415250809813e-14,True,False,False
combo:country=Aurelium:shock_type=1:shock_year=5,Outputs!B12,output_baseline[year=1],41.19323671497585,41.19323671497585,0.0,0.0,True,False,False
combo:country=Aurelium:shock_type=1:shock_year=5,Outputs!C12,output_baseline[year=2],41.89223785852647,41.89223785852647,0.0,0.0,True,False,False
combo:country=Aurelium:shock_type=1:shock_year=5,Outputs!D12,output_baseline[year=3],42.09461581919568,42.09461581919568,0.0,0.0,True,False,False
combo:country=Aurelium:shock_type=1:shock_year=5,Outputs!E12,output_baseline[year=4],41.79797145117248,41.79797145117248,0.0,0.0,True,False,False
combo:country=Aurelium:shock_type=1:shock_year=5,Outputs!F12,output_baseline[year=5],40.99989401856945,40.99989401856945,0.0,0.0,True,False,False
combo:country=Aurelium:shock_type=1:shock_year=5,Outputs!B13,output_shocked[year=1],41.19323671497585,41.19323671497585,0.0,0.0,True,False,False
combo:country=Aurelium:shock_type=1:shock_year=5,Outputs!C13,output_shocked[year=2],41.89223785852647,41.892237858526464,7.105427357601002e-15,1.6961202649513768e-16,True,False,False
combo:country=Aurelium:shock_type=1:shock_year=5,Outputs!D13,output_shocked[year=3],42.09461581919568,42.09461581919567,1.4210854715202004e-14,3.375931681201298e-16,True,False,False
combo:country=Aurelium:shock_type=1:shock_year=5,Outputs!E13,output_shocked[year=4],41.79797145117248,41.79797145117246,2.1316282072803006e-14,5.099836507066915e-16,True,False,False
combo:country=Aurelium:shock_type=1:shock_year=5,Outputs!F13,output_shocked[year=5],41.827478137161954,41.82747813716193,2.1316282072803006e-14,5.096238889397539e-16,True,False,False
combo:country=Aurelium:shock_type=1:shock_year=5,Outputs!B14,output_delta[year=1],0.0,-7.105427357601002e-15,7.105427357601002e-15,inf,True,False,False
combo:country=Aurelium:shock_type=1:shock_year=5,Outputs!C14,output_delta[year=2],0.0,-1.4210854715202004e-14,1.4210854715202004e-14,inf,True,False,False
combo:country=Aurelium:shock_type=1:shock_year=5,Outputs!D14,output_delta[year=3],0.0,-1.4210854715202004e-14,1.4210854715202004e-14,inf,True,False,False
combo:country=Aurelium:shock_type=1:shock_year=5,Outputs!E14,output_delta[year=4],0.0,-2.1316282072803006e-14,2.1316282072803006e-14,inf,True,False,False
combo:country=Aurelium:shock_type=1:shock_year=5,Outputs!F14,output_delta[year=5],0.8275841185925046,0.8275841185924833,2.1316282072803006e-14,2.575723916628101e-14,True,False,False
combo:country=Aurelium:shock_type=2:shock_year=1,Outputs!B12,output_baseline[year=1],41.19323671497585,41.19323671497585,0.0,0.0,True,False,False
combo:country=Aurelium:shock_type=2:shock_year=1,Outputs!C12,output_baseline[year=2],41.89223785852647,41.89223785852647,0.0,0.0,True,False,False
combo:country=Aurelium:shock_type=2:shock_year=1,Outputs!D12,output_baseline[year=3],42.09461581919568,42.09461581919568,0.0,0.0,True,False,False
combo:country=Aurelium:shock_type=2:shock_year=1,Outputs!E12,output_baseline[year=4],41.79797145117248,41.79797145117248,0.0,0.0,True,False,False
combo:country=Aurelium:shock_type=2:shock_year=1,Outputs!F12,output_baseline[year=5],40.99989401856945,40.99989401856945,0.0,0.0,True,False,False
combo:country=Aurelium:shock_type=2:shock_year=1,Outputs!B13,output_shocked[year=1],41.96618357487924,41.96618357487924,0.0,0.0,True,False,False
combo:country=Aurelium:shock_type=2:shock_year=1,Outputs!C13,output_shocked[year=2],43.47985950663961,43.479859506639606,7.105427357601002e-15,1.6341882053496434e-16,True,False,False
combo:country=Aurelium:shock_type=2:shock_year=1,Outputs!D13,output_shocked[year=3],44.53009765897391,44.5300976589739,7.105427357601002e-15,1.5956460306951705e-16,True,False,False
combo:country=Aurelium:shock_type=2:shock_year=1,Outputs!E13,output_shocked[year=4],45.10570388262063,45.105703882620624,7.105427357601002e-15,1.575283555288613e-16,True,False,False
combo:country=Aurelium:shock_type=2:shock_year=1,Outputs!F13,output_shocked[year=5],45.195213638239494,45.19521363823948,1.4210854715202004e-14,3.1443273681481737e-16,True,False,False
combo:country=Aurelium:shock_type=2:shock_year=1,Outputs!B14,output_delta[year=1],0.7729468599033851,0.772946859903378,7.105427357601002e-15,9.192646643896255e-15,True,False,False
combo:country=Aurelium:shock_type=2:shock_year=1,Outputs!C14,output_delta[year=2],1.5876216481131422,1.587621648113135,7.105427357601002e-15,4.475516799639048e-15,True,False,False
combo:country=Aurelium:shock_type=2:shock_year=1,Outputs!D14,output_delta[year=3],2.4354818397782267,2.4354818397782196,7.105427357601002e-15,2.9174626727038198e-15,True,False,False
combo:country=Aurelium:shock_type=2:shock_year=1,Outputs!E14,output_delta[year=4],3.3077324314481515,3.3077324314481373,1.4210854715202004e-14,4.296252798470878e-15,True,False,False
combo:country=Aurelium:shock_type=2:shock_year=1,Outputs!F14,output_delta[year=5],4.195319619670045,4.19531961967003,1.4210854715202004e-14,3.3873115765896438e-15,True,False,False
combo:country=Aurelium:shock_type=2:shock_year=2,Outputs!B12,output_baseline[year=1],41.19323671497585,41.19323671497585,0.0,0.0,True,False,False
combo:country=Aurelium:shock_type=2:shock_year=2,Outputs!C12,output_baseline[year=2],41.89223785852647,41.89223785852647,0.0,0.0,True,False,False
combo:country=Aurelium:shock_type=2:shock_year=2,Outputs!D12,output_baseline[year=3],42.09461581919568,42.09461581919568,0.0,0.0,True,False,False
combo:country=Aurelium:shock_type=2:shock_year=2,Outputs!E12,output_baseline[year=4],41.79797145117248,41.79797145117248,0.0,0.0,True,False,False
combo:country=Aurelium:shock_type=2:shock_year=2,Outputs!F12,output_baseline[year=5],40.99989401856945,40.99989401856945,0.0,0.0,True,False,False
combo:country=Aurelium:shock_type=2:shock_year=2,Outputs!B13,output_shocked[year=1],41.19323671497585,41.19323671497585,0.0,0.0,True,False,False
combo:country=Aurelium:shock_type=2:shock_year=2,Outputs!C13,output_shocked[year=2],42.6882424327289,42.68824243272889,7.105427357601002e-15,1.6644928328446008e-16,True,False,False
combo:country=Aurelium:shock_type=2:shock_year=2,Outputs!D13,output_shocked[year=3],43.71935939970303,43.71935939970302,7.105427357601002e-15,1.6252359264095864e-16,True,False,False
combo:country=Aurelium:shock_type=2:shock_year=2,Outputs!E13,output_shocked[year=4],44.27538257360891,44.2753825736089,7.105427357601002e-15,1.6048257394022636e-16,True,False,False
combo:country=Aurelium:shock_type=2:shock_year=2,Outputs!F13,output_shocked[year=5],44.344836258961784,44.34483625896178,7.105427357601002e-15,1.6023122322759833e-16,True,False,False
combo:country=Aurelium:shock_type=2:shock_year=2,Outputs!B14,output_delta[year=1],0.0,-7.105427357601002e-15,7.105427357601002e-15,inf,True,False,False
combo:country=Aurelium:shock_type=2:shock_year=2,Outputs!C14,output_delta[year=2],0.7960045742024278,0.7960045742024207,7.105427357601002e-15,8.926364983166615e-15,True,False,False
combo:country=Aurelium:shock_type=2:shock_year=2,Outputs!D14,output_delta[year=3],1.6247435805073493,1.6247435805073422,7.105427357601002e-15,4.3732607673281165e-15,True,False,False
combo:country=Aurelium:shock_type=2:shock_year=2,Outputs!E14,output_delta[year=4],2.477411122436429,2.477411122436422,7.105427357601002e-15,2.868085677524978e-15,True,False,False
combo:country=Aurelium:shock_type=2:shock_year=2,Outputs!F14,output_delta[year=5],3.344942240392335,3.344942240392328,7.105427357601002e-15,2.124230209956508e-15,True,False,False
combo:country=Aurelium:shock_type=2:shock_year=3,Outputs!B12,output_baseline[year=1],41.19323671497585,41.19323671497585,0.0,0.0,True,False,False
combo:country=Aurelium:shock_type=2:shock_year=3,Outputs!C12,output_baseline[year=2],41.89223785852647,41.89223785852647,0.0,0.0,True,False,False
combo:country=Aurelium:shock_type=2:shock_year=3,Outputs!D12,output_baseline[year=3],42.09461581919568,42.09461581919568,0.0,0.0,True,False,False
combo:country=Aurelium:shock_type=2:shock_year=3,Outputs!E12,output_baseline[year=4],41.79797145117248,41.79797145117248,0.0,0.0,True,False,False
combo:country=Aurelium:shock_type=2:shock_year=3,Outputs!F12,output_baseline[year=5],40.99989401856945,40.99989401856945,0.0,0.0,True,False,False
combo:country=Aurelium:shock_type=2:shock_year=3,Outputs!B13,output_shocked[year=1],41.19323671497585,41.19323671497585,0.0,0.0,True,False,False
combo:country=Aurelium:shock_type=2:shock_year=3,Outputs!C13,output_shocked[year=2],41.89223785852647,41.892237858526464,7.105427357601002e-15,1.6961202649513768e-16,True,False,False
combo:country=Aurelium:shock_type=2:shock_year=3,Outputs!D13,output_shocked[year=3],42.90412766187252,42.90412766187251,1.4210854715202004e-14,3.3122348570276887e-16,True,False,False
combo:country=Aurelium:shock_type=2:shock_year=3,Outputs!E13,output_shocked[year=4],43.440459247908095,43.44045924790808,1.4210854715202004e-14,3.271340810211701e-16,True,False,False
combo:country=Aurelium:shock_type=2:shock_year=3,Outputs!F13,output_shocked[year=5],43.48974570317158,43.489745703171565,1.4210854715202004e-14,3.2676334352917698e-16,True,False,False
combo:country=Aurelium:shock_type=2:shock_year=3,Outputs!B14,output_delta[year=1],0.0,-7.105427357601002e-15,7.105427357601002e-15,inf,True,False,False
combo:country=Aurelium:shock_type=2:shock_year=3,Outputs!C14,output_delta[year=2],0.0,-1.4210854715202004e-14,1.4210854715202004e-14,inf,True,False,False
combo:country=Aurelium:shock_type=2:shock_year=3,Outputs!D14,output_delta[year=3],0.8095118426768408,0.8095118426768266,1.4210854715202004e-14,1.7554844742246733e-14,True,False,False
combo:country=Aurelium:shock_type=2:shock_year=3,Outputs!E14,output_delta[year=4],1.6424877967356153,1.642487796735601,1.4210854715202004e-14,8.652030622964481e-15,True,False,False
combo:country=Aurelium:shock_type=2:shock_year=3,Outputs!F14,output_delta[year=5],2.4898516846021295,2.4898516846021153,1.4210854715202004e-14,5.707510532890578e-15,True,False,False
combo:country=Aurelium:shock_type=2:shock_year=4,Outputs!B12,output_baseline[year=1],41.19323671497585,41.19323671497585,0.0,0.0,True,False,False
combo:country=Aurelium:shock_type=2:shock_year=4,Outputs!C12,output_baseline[year=2],41.89223785852647,41.89223785852647,0.0,0.0,True,False,False
combo:country=Aurelium:shock_type=2:shock_year=4,Outputs!D12,output_baseline[year=3],42.09461581919568,42.09461581919568,0.0,0.0,True,False,False
combo:country=Aurelium:shock_type=2:shock_year=4,Outputs!E12,output_baseline[year=4],41.79797145117248,41.79797145117248,0.0,0.0,True,False,False
combo:country=Aurelium:shock_type=2:shock_year=4,Outputs!F12,output_baseline[year=5],40.99989401856945,40.99989401856945,0.0,0.0,True,False,False
combo:country=Aurelium:shock_type=2:shock_year=4,Outputs!B13,output_shocked[year=1],41.19323671497585,41.19323671497585,0.0,0.0,True,False,False
combo:country=Aurelium:shock_type=2:shock_year=4,Outputs!C13,output_shocked[year=2],41.89223785852647,41.892237858526464,7.105427357601002e-15,1.6961202649513768e-16,True,False,False
combo:country=Aurelium:shock_type=2:shock_year=4,Outputs!D13,output_shocked[year=3],42.09461581919568,42.09461581919567,1.4210854715202004e-14,3.375931681201298e-16,True,False,False
combo:country=Aurelium:shock_type=2:shock_year=4,Outputs!E13,output_shocked[year=4],42.611393979079644,42.61139397907963,1.4210854715202004e-14,3.334989397948098e-16,True,False,False
combo:country=Aurelium:shock_type=2:shock_year=4,Outputs!F13,output_shocked[year=5],42.64065470321201,42.640654703211986,2.1316282072803006e-14,4.99905130940621e-16,True,False,False
combo:country=Aurelium:shock_type=2:shock_year=4,Outputs!B14,output_delta[year=1],0.0,-7.105427357601002e-15,7.105427357601002e-15,inf,True,False,False
combo:country=Aurelium:shock_type=2:shock_year=4,Outputs!C14,output_delta[year=2],0.0,-1.4210854715202004e-14,1.4210854715202004e-14,inf,True,False,False
combo:country=Aurelium:shock_type=2:shock_year=4,Outputs!D14,output_delta[year=3],0.0,-1.4210854715202004e-14,1.4210854715202004e-14,inf,True,False,False
combo:country=Aurelium:shock_type=2:shock_year=4,Outputs!E14,output_delta[year=4],0.8134225279071643,0.813422527907143,2.1316282072803006e-14,2.6205669675325033e-14,True,False,False
combo:country=Aurelium:shock_type=2:shock_year=4,Outputs!F14,output_delta[year=5],1.640760684642558,1.6407606846425367,2.1316282072803006e-14,1.2991707000492145e-14,True,False,False
combo:country=Aurelium:shock_type=2:shock_year=5,Outputs!B12,output_baseline[year=1],41.19323671497585,41.19323671497585,0.0,0.0,True,False,False
combo:country=Aurelium:shock_type=2:shock_year=5,Outputs!C12,output_baseline[year=2],41.89223785852647,41.89223785852647,0.0,0.0,True,False,False
combo:country=Aurelium:shock_type=2:shock_year=5,Outputs!D12,output_baseline[year=3],42.09461581919568,42.09461581919568,0.0,0.0,True,False,False
combo:country=Aurelium:shock_type=2:shock_year=5,Outputs!E12,output_baseline[year=4],41.79797145117248,41.79797145117248,0.0,0.0,True,False,False
combo:country=Aurelium:shock_type=2:shock_year=5,Outputs!F12,output_baseline[year=5],40.99989401856945,40.99989401856945,0.0,0.0,True,False,False
combo:country=Aurelium:shock_type=2:shock_year=5,Outputs!B13,output_shocked[year=1],41.19323671497585,41.19323671497585,0.0,0.0,True,False,False
combo:country=Aurelium:shock_type=2:shock_year=5,Outputs!C13,output_shocked[year=2],41.89223785852647,41.892237858526464,7.105427357601002e-15,1.6961202649513768e-16,True,False,False
combo:country=Aurelium:shock_type=2:shock_year=5,Outputs!D13,output_shocked[year=3],42.09461581919568,42.09461581919567,1.4210854715202004e-14,3.375931681201298e-16,True,False,False
combo:country=Aurelium:shock_type=2:shock_year=5,Outputs!E13,output_shocked[year=4],41.79797145117248,41.79797145117246,2.1316282072803006e-14,5.099836507066915e-16,True,False,False
combo:country=Aurelium:shock_type=2:shock_year=5,Outputs!F13,output_shocked[year=5],41.80758428815732,41.8075842881573,2.1316282072803006e-14,5.098663899325364e-16,True,False,False
combo:country=Aurelium:shock_type=2:shock_year=5,Outputs!B14,output_delta[year=1],0.0,-7.105427357601002e-15,7.105427357601002e-15,inf,True,False,False
combo:country=Aurelium:shock_type=2:shock_year=5,Outputs!C14,output_delta[year=2],0.0,-1.4210854715202004e-14,1.4210854715202004e-14,inf,True,False,False
combo:country=Aurelium:shock_type=2:shock_year=5,Outputs!D14,output_delta[year=3],0.0,-1.4210854715202004e-14,1.4210854715202004e-14,inf,True,False,False
combo:country=Aurelium:shock_type=2:shock_year=5,Outputs!E14,output_delta[year=4],0.0,-2.1316282072803006e-14,2.1316282072803006e-14,inf,True,False,False
combo:country=Aurelium:shock_type=2:shock_year=5,Outputs!F14,output_delta[year=5],0.8076902695878729,0.8076902695878516,2.1316282072803006e-14,2.6391653924071315e-14,True,False,False
combo:country=Aurelium:shock_type=3:shock_year=1,Outputs!B12,output_baseline[year=1],41.19323671497585,41.19323671497585,0.0,0.0,True,False,False
combo:country=Aurelium:shock_type=3:shock_year=1,Outputs!C12,output_baseline[year=2],41.89223785852647,41.89223785852647,0.0,0.0,True,False,False
combo:country=Aurelium:shock_type=3:shock_year=1,Outputs!D12,output_baseline[year=3],42.09461581919568,42.09461581919568,0.0,0.0,True,False,False
combo:country=Aurelium:shock_type=3:shock_year=1,Outputs!E12,output_baseline[year=4],41.79797145117248,41.79797145117248,0.0,0.0,True,False,False
combo:country=Aurelium:shock_type=3:shock_year=1,Outputs!F12,output_baseline[year=5],40.99989401856945,40.99989401856945,0.0,0.0,True,False,False
combo:country=Aurelium:shock_type=3:shock_year=1,Outputs!B13,output_shocked[year=1],42.19323671497585,42.19323671497585,0.0,0.0,True,False,False
combo:country=Aurelium:shock_type=3:shock_year=1,Outputs!C13,output_shocked[year=2],43.897068776400864,43.89706877640086,7.105427357601002e-15,1.6186564514806264e-16,True,False,False
combo:country=Aurelium:shock_type=3:shock_year=1,Outputs!D13,output_shocked[year=3],45.10913191058638,45.10913191058636,1.4210854715202004e-14,3.150327686059272e-16,True,False,False
combo:country=Aurelium:shock_type=3:shock_year=1,Outputs!E13,output_shocked[year=4],45.82705042223172,45.82705042223171,1.4210854715202004e-14,3.100975206623379e-16,True,False,False
combo:country=Aurelium:shock_type=3:shock_year=1,Outputs!F13,output_shocked[year=5],46.04843713924734,46.048437139247326,1.4210854715202004e-14,3.0860666719761513e-16,True,False,False
combo:country=Aurelium:shock_type=3:shock_year=1,Outputs!B14,output_delta[year=1],1.0,0.9999999999999929,7.105427357601002e-15,7.105427357601002e-15,True,False,False
combo:country=Aurelium:shock_type=3:shock_year=1,Outputs!C14,output_delta[year=2],2.0048309178743935,2.0048309178743793,1.4210854715202004e-14,7.088305845895949e-15,True,False,False
combo:country=Aurelium:shock_type=3:shock_year=1,Outputs!D14,output_delta[year=3],3.0145160913906963,3.014516091390682,1.4210854715202004e-14,4.714141269899828e-15,True,False,False
combo:country=Aurelium:shock_type=3:shock_year=1,Outputs!E14,output_delta[year=4],4.029078971059242,4.029078971059228,1.4210854715202004e-14,3.5270727670711254e-15,True,False,False
combo:country=Aurelium:shock_type=3:shock_year=1,Outputs!F14,output_delta[year=5],5.048543120677891,5.04854312067787,2.1316282072803006e-14,4.22226403999512e-15,True,False,False
combo:country=Aurelium:shock_type=3:shock_year=2,Outputs!B12,output_baseline[year=1],41.19323671497585,41.19323671497585,0.0,0.0,True,False,False
combo:country=Aurelium:shock_type=3:shock_year=2,Outputs!C12,output_baseline[year=2],41.89223785852647,41.89223785852647,0.0,0.0,True,False,False
combo:country=Aurelium:shock_type=3:shock_year=2,Outputs!D12,output_baseline[year=3],42.09461581919568,42.09461581919568,0.0,0.0,True,False,False
combo:country=Aurelium:shock_type=3:shock_year=2,Outputs!E12,output_baseline[year=4],41.79797145117248,41.79797145117248,0.0,0.0,True,False,False
combo:country=Aurelium:shock_type=3:shock_year=2,Outputs!F12,output_baseline[year=5],40.99989401856945,40.99989401856945,0.0,0.0,True,False,False
combo:country=Aurelium:shock_type=3:shock_year=2,Outputs!B13,output_shocked[year=1],41.19323671497585,41.19323671497585,0.0,0.0,True,False,False
combo:country=Aurelium:shock_type=3:shock_year=2,Outputs!C13,output_shocked[year=2],42.89223785852647,42.892237858526464,7.105427357601002e-15,1.656576507161313e-16,True,False,False
combo:country=Aurelium:shock_type=3:shock_year=2,Outputs!D13,output_shocked[year=3],44.09944673707008,44.09944673707007,1.4210854715202004e-14,3.222456462986945e-16,True,False,False
combo:country=Aurelium:shock_type=3:shock_year=2,Outputs!E13,output_shocked[year=4],44.81248754256318,44.812487542563154,2.842170943040401e-14,6.342363700164801e-16,True,False,False
combo:country=Aurelium:shock_type=3:shock_year=2,Outputs!F13,output_shocked[year=5],45.02897298962871,45.028972989628684,2.842170943040401e-14,6.31187156699093e-16,True,False,False
combo:country=Aurelium:shock_type=3:shock_year=2,Outputs!B14,output_delta[year=1],0.0,-7.105427357601002e-15,7.105427357601002e-15,inf,True,False,False
combo:country=Aurelium:shock_type=3:shock_year=2,Outputs!C14,output_delta[year=2],1.0,0.9999999999999858,1.4210854715202004e-14,1.4210854715202004e-14,True,False,False
combo:country=Aurelium:shock_type=3:shock_year=2,Outputs!D14,output_delta[year=3],2.0048309178744006,2.0048309178743793,2.1316282072803006e-14,1.0632458768843885e-14,True,False,False
combo:country=Aurelium:shock_type=3:shock_year=2,Outputs!E14,output_delta[year=4],3.0145160913907034,3.014516091390675,2.842170943040401e-14,9.428282539799635e-15,True,False,False
combo:country=Aurelium:shock_type=3:shock_year=2,Outputs!F14,output_delta[year=5],4.029078971059263,4.029078971059228,3.552713678800501e-14,8.817681917677767e-15,True,False,False
combo:country=Aurelium:shock_type=3:shock_year=3,Outputs!B12,output_baseline[year=1],41.19323671497585,41.19323671497585,0.0,0.0,True,False,False
combo:country=Aurelium:shock_type=3:shock_year=3,Outputs!C12,output_baseline[year=2],41.89223785852647,41.89223785852647,0.0,0.0,True,False,False
combo:country=Aurelium:shock_type=3:shock_year=3,Outputs!D12,output_baseline[year=3],42.09461581919568,42.09461581919568,0.0,0.0,True,False,False
combo:country=Aurelium:shock_type=3:shock_year=3,Outputs!E12,output_baseline[year=4],41.79797145117248,41.79797145117248,0.0,0.0,True,False,False
combo:country=Aurelium:shock_type=3:shock_year=3,Outputs!F12,output_baseline[year=5],40.99989401856945,40.99989401856945,0.0,0.0,True,False,False
combo:country=Aurelium:shock_type=3:shock_year=3,Outputs!B13,output_shocked[year=1],41.19323671497585,41.19323671497585,0.0,0.0,True,False,False
combo:country=Aurelium:shock_type=3:shock_year=3,Outputs!C13,output_shocked[year=2],41.89223785852647,41.892237858526464,7.105427357601002e-15,1.6961202649513768e-16,True,False,False
combo:country=Aurelium:shock_type=3:shock_year=3,Outputs!D13,output_shocked[year=3],43.09461581919568,43.09461581919567,1.4210854715202004e-14,3.2975940137914044e-16,True,False,False
combo:country=Aurelium:shock_type=3:shock_year=3,Outputs!E13,output_shocked[year=4],43.80280236904687,43.80280236904686,1.4210854715202004e-14,3.244279805541406e-16,True,False,False
combo:country=Aurelium:shock_type=3:shock_year=3,Outputs!F13,output_shocked[year=5],44.014410109960146,44.014410109960124,2.1316282072803006e-14,4.843023459714455e-16,True,False,False
combo:country=Aurelium:shock_type=3:shock_year=3,Outputs!B14,output_delta[year=1],0.0,-7.105427357601002e-15,7.105427357601002e-15,inf,True,False,False
combo:country=Aurelium:shock_type=3:shock_year=3,Outputs!C14,output_delta[year=2],0.0,-1.4210854715202004e-14,1.4210854715202004e-14,inf,True,False,False
combo:country=Aurelium:shock_type=3:shock_year=3,Outputs!D14,output_delta[year=3],1.0,0.9999999999999858,1.4210854715202004e-14,1.4210854715202004e-14,True,False,False
combo:country=Aurelium:shock_type=3:shock_year=3,Outputs!E14,output_delta[year=4],2.0048309178743935,2.004830917874372,2.1316282072803006e-14,1.0632458768843923e-14,True,False,False
combo:country=Aurelium:shock_type=3:shock_year=3,Outputs!F14,output_delta[year=5],3.0145160913906963,3.014516091390675,2.1316282072803006e-14,7.071211904849742e-15,True,False,False
combo:country=Aurelium:shock_type=3:shock_year=4,Outputs!B12,output_baseline[year=1],41.19323671497585,41.19323671497585,0.0,0.0,True,False,False
combo:country=Aurelium:shock_type=3:shock_year=4,Outputs!C12,output_baseline[year=2],41.89223785852647,41.89223785852647,0.0,0.0,True,False,False
combo:country=Aurelium:shock_type=3:shock_year=4,Outputs!D12,output_baseline[year=3],42.09461581919568,42.09461581919568,0.0,0.0,True,False,False
combo:country=Aurelium:shock_type=3:shock_year=4,Outputs!E12,output_baseline[year=4],41.79797145117248,41.79797145117248,0.0,0.0,True,False,False
combo:country=Aurelium:shock_type=3:shock_year=4,Outputs!F12,output_baseline[year=5],40.99989401856945,40.99989401856945,0.0,0.0,True,False,False
combo:country=Aurelium:shock_type=3:shock_year=4,Outputs!B13,output_shocked[year=1],41.19323671497585,41.19323671497585,0.0,0.0,True,False,False
combo:country=Aurelium:shock_type=3:shock_year=4,Outputs!C13,output_shocked[year=2],41.89223785852647,41.892237858526464,7.105427357601002e-15,1.6961202649513768e-16,True,False,False
combo:country=Aurelium:shock_type=3:shock_year=4,Outputs!D13,output_shocked[year=3],42.09461581919568,42.09461581919567,1.4210854715202004e-14,3.375931681201298e-16,True,False,False
combo:country=Aurelium:shock_type=3:shock_year=4,Outputs!E13,output_shocked[year=4],42.79797145117248,42.79797145117246,2.1316282072803006e-14,4.980675800749671e-16,True,False,False
combo:country=Aurelium:shock_type=3:shock_year=4,Outputs!F13,output_shocked[year=5],43.00472493644385,43.00472493644383,2.1316282072803006e-14,4.956730244015297e-16,True,False,False
combo:country=Aurelium:shock_type=3:shock_year=4,Outputs!B14,output_delta[year=1],0.0,-7.105427357601002e-15,7.105427357601002e-15,inf,True,False,False
combo:country=Aurelium:shock_type=3:shock_year=4,Outputs!C14,output_delta[year=2],0.0,-1.4210854715202004e-14,1.4210854715202004e-14,inf,True,False,False
combo:country=Aurelium:shock_type=3:shock_year=4,Outputs!D14,output_delta[year=3],0.0,-1.4210854715202004e-14,1.4210854715202004e-14,inf,True,False,False
combo:country=Aurelium:shock_type=3:shock_year=4,Outputs!E14,output_delta[year=4],1.0,0.9999999999999787,2.1316282072803006e-14,2.1316282072803006e-14,True,False,False
combo:country=Aurelium:shock_type=3:shock_year=4,Outputs!F14,output_delta[year=5],2.0048309178744006,2.004830917874372,2.842170943040401e-14,1.4176611691791847e-14,True,False,False
combo:country=Aurelium:shock_type=3:shock_year=5,Outputs!B12,output_baseline[year=1],41.19323671497585,41.19323671497585,0.0,0.0,True,False,False
combo:country=Aurelium:shock_type=3:shock_year=5,Outputs!C12,output_baseline[year=2],41.89223785852647,41.89223785852647,0.0,0.0,True,False,False
combo:country=Aurelium:shock_type=3:shock_year=5,Outputs!D12,output_baseline[year=3],42.09461581919568,42.09461581919568,0.0,0.0,True,False,False
combo:country=Aurelium:shock_type=3:shock_year=5,Outputs!E12,output_baseline[year=4],41.79797145117248,41.79797145117248,0.0,0.0,True,False,False
combo:country=Aurelium:shock_type=3:shock_year=5,Outputs!F12,output_baseline[year=5],40.99989401856945,40.99989401856945,0.0,0.0,True,False,False
combo:country=Aurelium:shock_type=3:shock_year=5,Outputs!B13,output_shocked[year=1],41.19323671497585,41.19323671497585,0.0,0.0,True,False,False
combo:country=Aurelium:shock_type=3:shock_year=5,Outputs!C13,output_shocked[year=2],41.89223785852647,41.892237858526464,7.105427357601002e-15,1.6961202649513768e-16,True,False,False
combo:country=Aurelium:shock_type=3:shock_year=5,Outputs!D13,output_shocked[year=3],42.09461581919568,42.09461581919567,1.4210854715202004e-14,3.375931681201298e-16,True,False,False
combo:country=Aurelium:shock_type=3:shock_year=5,Outputs!E13,output_shocked[year=4],41.79797145117248,41.79797145117246,2.1316282072803006e-14,5.099836507066915e-16,True,False,False
combo:country=Aurelium:shock_type=3:shock_year=5,Outputs!F13,output_shocked[year=5],41.99989401856945,41.999894018569435,1.4210854715202004e-14,3.383545374880933e-16,True,False,False
combo:country=Aurelium:shock_type=3:shock_year=5,Outputs!B14,output_delta[year=1],0.0,-7.105427357601002e-15,7.105427357601002e-15,inf,True,False,False
combo:country=Aurelium:shock_type=3:shock_year=5,Outputs!C14,output_delta[year=2],0.0,-1.4210854715202004e-14,1.4210854715202004e-14,inf,True,False,False
combo:country=Aurelium:shock_type=3:shock_year=5,Outputs!D14,output_delta[year=3],0.0,-1.4210854715202004e-14,1.4210854715202004e-14,inf,True,False,False
combo:country=Aurelium:shock_type=3:shock_year=5,Outputs!E14,output_delta[year=4],0.0,-2.1316282072803006e-14,2.1316282072803006e-14,inf,True,False,False
combo:country=Aurelium:shock_type=3:shock_year=5,Outputs!F14,output_delta[year=5],1.0,0.9999999999999787,2.1316282072803006e-14,2.1316282072803006e-14,True,False,False
